id_ambulancia,fecha,kilometraje_periodo,numero_servicios,km_acumulado
AMB-T2-001,2024-01-01,3157.0,75,80727.0
AMB-T2-001,2024-02-01,3909.0,54,84637.0
AMB-T2-001,2024-03-01,3461.0,44,88097.0
AMB-T2-001,2024-04-01,3502.0,58,91599.0
AMB-T2-001,2024-05-01,3187.0,60,94786.0
AMB-T2-001,2024-06-01,4107.0,58,98893.0
AMB-T2-001,2024-07-01,4221.0,51,103114.0
AMB-T2-001,2024-08-01,4425.0,62,107539.0
AMB-T2-001,2024-09-01,4751.0,90,112290.0
AMB-T2-001,2024-10-01,3541.0,56,115831.0
AMB-T2-001,2024-11-01,3676.0,68,119507.0
AMB-T2-001,2024-12-01,4619.0,53,124126.0
AMB-T2-001,2025-01-01,4052.0,59,128178.0
AMB-T2-001,2025-02-01,4194.0,79,132372.0
AMB-T2-001,2025-03-01,3679.0,41,136051.0
AMB-T2-001,2025-04-01,4270.0,51,140321.0
AMB-T2-001,2025-05-01,3738.0,70,144059.0
AMB-T2-001,2025-06-01,4002.0,60,148061.0
AMB-T2-001,2025-07-01,3478.0,26,151538.0
AMB-T2-001,2025-08-01,4242.0,58,155781.0
AMB-T2-001,2025-09-01,4731.0,66,160512.0
AMB-T2-001,2025-10-01,3499.0,74,164011.0
AMB-T2-001,2025-11-01,4514.0,58,168525.0
AMB-T2-001,2025-12-01,4540.0,54,173065.0
AMB-T2-002,2024-01-01,3226.0,57,24491.0
AMB-T2-002,2024-02-01,3601.0,57,28091.0
AMB-T2-002,2024-03-01,2930.0,63,31022.0
AMB-T2-002,2024-04-01,3055.0,43,34077.0
AMB-T2-002,2024-05-01,2797.0,73,36874.0
AMB-T2-002,2024-06-01,2685.0,65,39559.0
AMB-T2-002,2024-07-01,2449.0,56,42007.0
AMB-T2-002,2024-08-01,3308.0,69,45315.0
AMB-T2-002,2024-09-01,2737.0,39,48052.0
AMB-T2-002,2024-10-01,3060.0,70,51112.0
AMB-T2-002,2024-11-01,2599.0,19,53712.0
AMB-T2-002,2024-12-01,3166.0,61,56877.0
AMB-T2-002,2025-01-01,2522.0,60,59399.0
AMB-T2-002,2025-02-01,2508.0,48,61907.0
AMB-T2-002,2025-03-01,3581.0,36,65489.0
AMB-T2-002,2025-04-01,3239.0,64,68727.0
AMB-T2-002,2025-05-01,3414.0,41,72141.0
AMB-T2-002,2025-06-01,4041.0,58,76183.0
AMB-T2-002,2025-07-01,2014.0,60,78196.0
AMB-T2-002,2025-08-01,2787.0,52,80983.0
AMB-T2-002,2025-09-01,3735.0,43,84718.0
AMB-T2-002,2025-10-01,2142.0,68,86860.0
AMB-T2-002,2025-11-01,3829.0,49,90689.0
AMB-T2-002,2025-12-01,3642.0,45,94331.0
AMB-T2-003,2024-01-01,2132.0,31,64323.0
AMB-T2-003,2024-02-01,1876.0,37,66200.0
AMB-T2-003,2024-03-01,1349.0,30,67548.0
AMB-T2-003,2024-04-01,2263.0,55,69811.0
AMB-T2-003,2024-05-01,1373.0,39,71184.0
AMB-T2-003,2024-06-01,2452.0,10,73636.0
AMB-T2-003,2024-07-01,2320.0,43,75956.0
AMB-T2-003,2024-08-01,2427.0,32,78383.0
AMB-T2-003,2024-09-01,2274.0,35,80657.0
AMB-T2-003,2024-10-01,1060.0,35,81717.0
AMB-T2-003,2024-11-01,1854.0,24,83571.0
AMB-T2-003,2024-12-01,3565.0,48,87136.0
AMB-T2-003,2025-01-01,1384.0,37,88520.0
AMB-T2-003,2025-02-01,2949.0,15,91468.0
AMB-T2-003,2025-03-01,2120.0,34,93588.0
AMB-T2-003,2025-04-01,1309.0,37,94897.0
AMB-T2-003,2025-05-01,2744.0,51,97641.0
AMB-T2-003,2025-06-01,1924.0,63,99565.0
AMB-T2-003,2025-07-01,839.0,37,100404.0
AMB-T2-003,2025-08-01,1226.0,34,101631.0
AMB-T2-003,2025-09-01,1761.0,39,103391.0
AMB-T2-003,2025-10-01,1998.0,23,105389.0
AMB-T2-003,2025-11-01,1618.0,56,107007.0
AMB-T2-003,2025-12-01,2340.0,12,109347.0
AMB-T2-004,2024-01-01,2570.0,33,58660.0
AMB-T2-004,2024-02-01,2243.0,45,60903.0
AMB-T2-004,2024-03-01,2950.0,25,63853.0
AMB-T2-004,2024-04-01,2222.0,29,66075.0
AMB-T2-004,2024-05-01,2598.0,33,68674.0
AMB-T2-004,2024-06-01,2258.0,32,70931.0
AMB-T2-004,2024-07-01,2176.0,56,73107.0
AMB-T2-004,2024-08-01,3674.0,40,76782.0
AMB-T2-004,2024-09-01,2180.0,16,78962.0
AMB-T2-004,2024-10-01,1784.0,34,80746.0
AMB-T2-004,2024-11-01,1811.0,28,82557.0
AMB-T2-004,2024-12-01,3185.0,36,85742.0
AMB-T2-004,2025-01-01,2311.0,27,88053.0
AMB-T2-004,2025-02-01,2947.0,33,90999.0
AMB-T2-004,2025-03-01,1928.0,17,92927.0
AMB-T2-004,2025-04-01,2203.0,29,95130.0
AMB-T2-004,2025-05-01,3251.0,58,98381.0
AMB-T2-004,2025-06-01,1499.0,22,99880.0
AMB-T2-004,2025-07-01,2074.0,26,101954.0
AMB-T2-004,2025-08-01,2370.0,32,104325.0
AMB-T2-004,2025-09-01,2408.0,48,106733.0
AMB-T2-004,2025-10-01,1601.0,47,108334.0
AMB-T2-004,2025-11-01,1803.0,61,110137.0
AMB-T2-004,2025-12-01,3213.0,34,113350.0
AMB-T2-005,2024-01-01,3283.0,48,81238.0
AMB-T2-005,2024-02-01,4385.0,61,85623.0
AMB-T2-005,2024-03-01,4417.0,88,90040.0
AMB-T2-005,2024-04-01,3399.0,47,93439.0
AMB-T2-005,2024-05-01,3977.0,75,97416.0
AMB-T2-005,2024-06-01,3297.0,62,100712.0
AMB-T2-005,2024-07-01,4683.0,42,105395.0
AMB-T2-005,2024-08-01,4002.0,55,109398.0
AMB-T2-005,2024-09-01,3936.0,70,113333.0
AMB-T2-005,2024-10-01,3994.0,49,117327.0
AMB-T2-005,2024-11-01,3560.0,79,120887.0
AMB-T2-005,2024-12-01,4058.0,72,124945.0
AMB-T2-005,2025-01-01,4011.0,71,128956.0
AMB-T2-005,2025-02-01,3623.0,52,132580.0
AMB-T2-005,2025-03-01,4319.0,75,136899.0
AMB-T2-005,2025-04-01,3312.0,55,140211.0
AMB-T2-005,2025-05-01,3763.0,81,143975.0
AMB-T2-005,2025-06-01,4199.0,46,148173.0
AMB-T2-005,2025-07-01,3805.0,59,151979.0
AMB-T2-005,2025-08-01,3157.0,60,155136.0
AMB-T2-005,2025-09-01,3687.0,57,158823.0
AMB-T2-005,2025-10-01,3617.0,79,162439.0
AMB-T2-005,2025-11-01,3643.0,62,166082.0
AMB-T2-005,2025-12-01,3826.0,55,169908.0
AMB-T2-006,2024-01-01,2009.0,32,54828.0
AMB-T2-006,2024-02-01,2009.0,21,56838.0
AMB-T2-006,2024-03-01,1838.0,40,58675.0
AMB-T2-006,2024-04-01,1854.0,33,60529.0
AMB-T2-006,2024-05-01,2062.0,36,62591.0
AMB-T2-006,2024-06-01,2297.0,29,64888.0
AMB-T2-006,2024-07-01,1415.0,16,66302.0
AMB-T2-006,2024-08-01,2572.0,40,68874.0
AMB-T2-006,2024-09-01,2351.0,41,71226.0
AMB-T2-006,2024-10-01,1865.0,24,73090.0
AMB-T2-006,2024-11-01,1373.0,18,74463.0
AMB-T2-006,2024-12-01,2689.0,25,77152.0
AMB-T2-006,2025-01-01,2594.0,29,79747.0
AMB-T2-006,2025-02-01,1556.0,18,81302.0
AMB-T2-006,2025-03-01,1609.0,48,82911.0
AMB-T2-006,2025-04-01,1311.0,56,84222.0
AMB-T2-006,2025-05-01,1457.0,40,85679.0
AMB-T2-006,2025-06-01,1874.0,27,87554.0
AMB-T2-006,2025-07-01,1199.0,30,88752.0
AMB-T2-006,2025-08-01,1267.0,11,90019.0
AMB-T2-006,2025-09-01,2033.0,23,92052.0
AMB-T2-006,2025-10-01,2972.0,43,95024.0
AMB-T2-006,2025-11-01,2980.0,23,98004.0
AMB-T2-006,2025-12-01,2043.0,10,100048.0
AMB-T2-007,2024-01-01,2387.0,42,46080.0
AMB-T2-007,2024-02-01,2649.0,40,48729.0
AMB-T2-007,2024-03-01,2596.0,10,51325.0
AMB-T2-007,2024-04-01,2710.0,46,54035.0
AMB-T2-007,2024-05-01,3359.0,45,57394.0
AMB-T2-007,2024-06-01,2478.0,54,59872.0
AMB-T2-007,2024-07-01,1142.0,34,61014.0
AMB-T2-007,2024-08-01,2097.0,40,63111.0
AMB-T2-007,2024-09-01,1237.0,56,64348.0
AMB-T2-007,2024-10-01,2406.0,44,66755.0
AMB-T2-007,2024-11-01,2690.0,56,69445.0
AMB-T2-007,2024-12-01,1439.0,42,70884.0
AMB-T2-007,2025-01-01,3244.0,39,74128.0
AMB-T2-007,2025-02-01,1986.0,33,76113.0
AMB-T2-007,2025-03-01,2321.0,32,78434.0
AMB-T2-007,2025-04-01,2465.0,59,80899.0
AMB-T2-007,2025-05-01,2198.0,35,83097.0
AMB-T2-007,2025-06-01,2832.0,38,85929.0
AMB-T2-007,2025-07-01,1759.0,40,87688.0
AMB-T2-007,2025-08-01,2497.0,52,90184.0
AMB-T2-007,2025-09-01,1973.0,52,92158.0
AMB-T2-007,2025-10-01,2498.0,27,94655.0
AMB-T2-007,2025-11-01,1771.0,64,96426.0
AMB-T2-007,2025-12-01,2460.0,52,98887.0
AMB-T2-008,2024-01-01,980.0,63,57414.0
AMB-T2-008,2024-02-01,2541.0,29,59955.0
AMB-T2-008,2024-03-01,1822.0,41,61777.0
AMB-T2-008,2024-04-01,2412.0,34,64188.0
AMB-T2-008,2024-05-01,2012.0,38,66200.0
AMB-T2-008,2024-06-01,960.0,27,67160.0
AMB-T2-008,2024-07-01,1017.0,39,68177.0
AMB-T2-008,2024-08-01,1600.0,13,69777.0
AMB-T2-008,2024-09-01,1529.0,34,71306.0
AMB-T2-008,2024-10-01,1882.0,18,73188.0
AMB-T2-008,2024-11-01,982.0,33,74170.0
AMB-T2-008,2024-12-01,1657.0,29,75827.0
AMB-T2-008,2025-01-01,1909.0,37,77737.0
AMB-T2-008,2025-02-01,2513.0,33,80250.0
AMB-T2-008,2025-03-01,1813.0,32,82063.0
AMB-T2-008,2025-04-01,1802.0,12,83865.0
AMB-T2-008,2025-05-01,2660.0,43,86525.0
AMB-T2-008,2025-06-01,3198.0,59,89723.0
AMB-T2-008,2025-07-01,1300.0,28,91023.0
AMB-T2-008,2025-08-01,3512.0,31,94535.0
AMB-T2-008,2025-09-01,2152.0,13,96687.0
AMB-T2-008,2025-10-01,2095.0,55,98782.0
AMB-T2-008,2025-11-01,2777.0,24,101559.0
AMB-T2-008,2025-12-01,1767.0,18,103327.0
AMB-T2-009,2024-01-01,1723.0,12,81710.0
AMB-T2-009,2024-02-01,2183.0,54,83892.0
AMB-T2-009,2024-03-01,2447.0,52,86339.0
AMB-T2-009,2024-04-01,2877.0,29,89216.0
AMB-T2-009,2024-05-01,1778.0,27,90994.0
AMB-T2-009,2024-06-01,1203.0,36,92197.0
AMB-T2-009,2024-07-01,500.0,42,92697.0
AMB-T2-009,2024-08-01,2277.0,41,94974.0
AMB-T2-009,2024-09-01,2868.0,38,97841.0
AMB-T2-009,2024-10-01,3212.0,43,101054.0
AMB-T2-009,2024-11-01,1779.0,33,102833.0
AMB-T2-009,2024-12-01,877.0,25,103709.0
AMB-T2-009,2025-01-01,2005.0,42,105714.0
AMB-T2-009,2025-02-01,1783.0,20,107497.0
AMB-T2-009,2025-03-01,1101.0,28,108598.0
AMB-T2-009,2025-04-01,3404.0,39,112002.0
AMB-T2-009,2025-05-01,2797.0,25,114799.0
AMB-T2-009,2025-06-01,1289.0,21,116089.0
AMB-T2-009,2025-07-01,2175.0,11,118264.0
AMB-T2-009,2025-08-01,1629.0,28,119893.0
AMB-T2-009,2025-09-01,1441.0,10,121334.0
AMB-T2-009,2025-10-01,2407.0,36,123741.0
AMB-T2-009,2025-11-01,2701.0,22,126442.0
AMB-T2-009,2025-12-01,2689.0,54,129132.0
AMB-T2-010,2024-01-01,2574.0,31,82019.0
AMB-T2-010,2024-02-01,2503.0,30,84522.0
AMB-T2-010,2024-03-01,1922.0,47,86444.0
AMB-T2-010,2024-04-01,2333.0,53,88776.0
AMB-T2-010,2024-05-01,2151.0,34,90927.0
AMB-T2-010,2024-06-01,2076.0,25,93003.0
AMB-T2-010,2024-07-01,2905.0,65,95908.0
AMB-T2-010,2024-08-01,2187.0,30,98095.0
AMB-T2-010,2024-09-01,1969.0,30,100064.0
AMB-T2-010,2024-10-01,3406.0,30,103470.0
AMB-T2-010,2024-11-01,2065.0,23,105535.0
AMB-T2-010,2024-12-01,2592.0,38,108128.0
AMB-T2-010,2025-01-01,1734.0,28,109862.0
AMB-T2-010,2025-02-01,3336.0,39,113198.0
AMB-T2-010,2025-03-01,2477.0,40,115675.0
AMB-T2-010,2025-04-01,3253.0,26,118928.0
AMB-T2-010,2025-05-01,2178.0,36,121106.0
AMB-T2-010,2025-06-01,1384.0,27,122490.0
AMB-T2-010,2025-07-01,3044.0,47,125534.0
AMB-T2-010,2025-08-01,2978.0,31,128513.0
AMB-T2-010,2025-09-01,2137.0,17,130649.0
AMB-T2-010,2025-10-01,2975.0,51,133625.0
AMB-T2-010,2025-11-01,3067.0,58,136691.0
AMB-T2-010,2025-12-01,2669.0,57,139361.0
AMB-T2-011,2024-01-01,2231.0,16,74117.0
AMB-T2-011,2024-02-01,2868.0,16,76985.0
AMB-T2-011,2024-03-01,2453.0,49,79438.0
AMB-T2-011,2024-04-01,2546.0,65,81984.0
AMB-T2-011,2024-05-01,1172.0,36,83156.0
AMB-T2-011,2024-06-01,2362.0,21,85518.0
AMB-T2-011,2024-07-01,1659.0,27,87177.0
AMB-T2-011,2024-08-01,1692.0,36,88869.0
AMB-T2-011,2024-09-01,1990.0,41,90858.0
AMB-T2-011,2024-10-01,2741.0,44,93599.0
AMB-T2-011,2024-11-01,2105.0,41,95704.0
AMB-T2-011,2024-12-01,2972.0,43,98677.0
AMB-T2-011,2025-01-01,3467.0,49,102144.0
AMB-T2-011,2025-02-01,3382.0,10,105526.0
AMB-T2-011,2025-03-01,2409.0,33,107935.0
AMB-T2-011,2025-04-01,2276.0,28,110212.0
AMB-T2-011,2025-05-01,2589.0,16,112801.0
AMB-T2-011,2025-06-01,2593.0,28,115394.0
AMB-T2-011,2025-07-01,2051.0,43,117445.0
AMB-T2-011,2025-08-01,2399.0,50,119844.0
AMB-T2-011,2025-09-01,1770.0,36,121614.0
AMB-T2-011,2025-10-01,2885.0,42,124498.0
AMB-T2-011,2025-11-01,2607.0,51,127105.0
AMB-T2-011,2025-12-01,2108.0,30,129213.0
AMB-T2-012,2024-01-01,3220.0,44,21776.0
AMB-T2-012,2024-02-01,3548.0,50,25325.0
AMB-T2-012,2024-03-01,2501.0,50,27825.0
AMB-T2-012,2024-04-01,2333.0,57,30159.0
AMB-T2-012,2024-05-01,2037.0,60,32195.0
AMB-T2-012,2024-06-01,3067.0,44,35263.0
AMB-T2-012,2024-07-01,3333.0,52,38595.0
AMB-T2-012,2024-08-01,3673.0,62,42269.0
AMB-T2-012,2024-09-01,3086.0,35,45355.0
AMB-T2-012,2024-10-01,2550.0,45,47905.0
AMB-T2-012,2024-11-01,3524.0,40,51429.0
AMB-T2-012,2024-12-01,2651.0,68,54080.0
AMB-T2-012,2025-01-01,2812.0,38,56892.0
AMB-T2-012,2025-02-01,3341.0,45,60233.0
AMB-T2-012,2025-03-01,2041.0,58,62274.0
AMB-T2-012,2025-04-01,2427.0,46,64701.0
AMB-T2-012,2025-05-01,2834.0,48,67535.0
AMB-T2-012,2025-06-01,1560.0,42,69095.0
AMB-T2-012,2025-07-01,3550.0,61,72644.0
AMB-T2-012,2025-08-01,2280.0,57,74925.0
AMB-T2-012,2025-09-01,2418.0,41,77343.0
AMB-T2-012,2025-10-01,2682.0,47,80024.0
AMB-T2-012,2025-11-01,3476.0,49,83500.0
AMB-T2-012,2025-12-01,2799.0,57,86299.0
AMB-T2-013,2024-01-01,1813.0,35,31315.0
AMB-T2-013,2024-02-01,2892.0,43,34206.0
AMB-T2-013,2024-03-01,2014.0,18,36221.0
AMB-T2-013,2024-04-01,2481.0,17,38702.0
AMB-T2-013,2024-05-01,2167.0,51,40868.0
AMB-T2-013,2024-06-01,2652.0,12,43521.0
AMB-T2-013,2024-07-01,2414.0,33,45935.0
AMB-T2-013,2024-08-01,1530.0,40,47465.0
AMB-T2-013,2024-09-01,1999.0,31,49464.0
AMB-T2-013,2024-10-01,2369.0,29,51833.0
AMB-T2-013,2024-11-01,2352.0,29,54185.0
AMB-T2-013,2024-12-01,1971.0,48,56156.0
AMB-T2-013,2025-01-01,2951.0,16,59107.0
AMB-T2-013,2025-02-01,2742.0,53,61849.0
AMB-T2-013,2025-03-01,3229.0,43,65078.0
AMB-T2-013,2025-04-01,1660.0,44,66738.0
AMB-T2-013,2025-05-01,1773.0,32,68510.0
AMB-T2-013,2025-06-01,2524.0,27,71034.0
AMB-T2-013,2025-07-01,1606.0,42,72641.0
AMB-T2-013,2025-08-01,3415.0,51,76055.0
AMB-T2-013,2025-09-01,2719.0,48,78774.0
AMB-T2-013,2025-10-01,2677.0,42,81451.0
AMB-T2-013,2025-11-01,2833.0,20,84284.0
AMB-T2-013,2025-12-01,2414.0,35,86698.0
AMB-T2-014,2024-01-01,3854.0,55,61875.0
AMB-T2-014,2024-02-01,4119.0,51,65994.0
AMB-T2-014,2024-03-01,3486.0,53,69480.0
AMB-T2-014,2024-04-01,4325.0,61,73806.0
AMB-T2-014,2024-05-01,3530.0,56,77336.0
AMB-T2-014,2024-06-01,3809.0,80,81145.0
AMB-T2-014,2024-07-01,3065.0,69,84210.0
AMB-T2-014,2024-08-01,4090.0,50,88299.0
AMB-T2-014,2024-09-01,4687.0,67,92986.0
AMB-T2-014,2024-10-01,3502.0,38,96488.0
AMB-T2-014,2024-11-01,3944.0,60,100433.0
AMB-T2-014,2024-12-01,3188.0,48,103621.0
AMB-T2-014,2025-01-01,4328.0,37,107949.0
AMB-T2-014,2025-02-01,3995.0,58,111944.0
AMB-T2-014,2025-03-01,4105.0,57,116049.0
AMB-T2-014,2025-04-01,3983.0,52,120032.0
AMB-T2-014,2025-05-01,3777.0,67,123809.0
AMB-T2-014,2025-06-01,3897.0,65,127706.0
AMB-T2-014,2025-07-01,3250.0,54,130956.0
AMB-T2-014,2025-08-01,3463.0,57,134419.0
AMB-T2-014,2025-09-01,4622.0,56,139041.0
AMB-T2-014,2025-10-01,3121.0,67,142161.0
AMB-T2-014,2025-11-01,4615.0,46,146776.0
AMB-T2-014,2025-12-01,4990.0,66,151766.0
AMB-T2-015,2024-01-01,3177.0,58,20789.0
AMB-T2-015,2024-02-01,3141.0,39,23930.0
AMB-T2-015,2024-03-01,3288.0,44,27218.0
AMB-T2-015,2024-04-01,3211.0,55,30429.0
AMB-T2-015,2024-05-01,1903.0,50,32331.0
AMB-T2-015,2024-06-01,2448.0,42,34779.0
AMB-T2-015,2024-07-01,2633.0,42,37413.0
AMB-T2-015,2024-08-01,3471.0,24,40884.0
AMB-T2-015,2024-09-01,1524.0,17,42407.0
AMB-T2-015,2024-10-01,3199.0,31,45606.0
AMB-T2-015,2024-11-01,2636.0,39,48242.0
AMB-T2-015,2024-12-01,2025.0,51,50268.0
AMB-T2-015,2025-01-01,2481.0,38,52748.0
AMB-T2-015,2025-02-01,2697.0,49,55445.0
AMB-T2-015,2025-03-01,1982.0,51,57427.0
AMB-T2-015,2025-04-01,3427.0,23,60854.0
AMB-T2-015,2025-05-01,2724.0,37,63578.0
AMB-T2-015,2025-06-01,2977.0,26,66554.0
AMB-T2-015,2025-07-01,3534.0,21,70089.0
AMB-T2-015,2025-08-01,2410.0,46,72499.0
AMB-T2-015,2025-09-01,2145.0,30,74644.0
AMB-T2-015,2025-10-01,2690.0,42,77335.0
AMB-T2-015,2025-11-01,2561.0,51,79895.0
AMB-T2-015,2025-12-01,2320.0,44,82216.0
AMB-T2-016,2024-01-01,2128.0,28,40611.0
AMB-T2-016,2024-02-01,2262.0,33,42873.0
AMB-T2-016,2024-03-01,2163.0,53,45036.0
AMB-T2-016,2024-04-01,2280.0,31,47316.0
AMB-T2-016,2024-05-01,2449.0,40,49765.0
AMB-T2-016,2024-06-01,1720.0,35,51486.0
AMB-T2-016,2024-07-01,2229.0,37,53715.0
AMB-T2-016,2024-08-01,2868.0,40,56583.0
AMB-T2-016,2024-09-01,3169.0,38,59752.0
AMB-T2-016,2024-10-01,3498.0,33,63250.0
AMB-T2-016,2024-11-01,1971.0,45,65220.0
AMB-T2-016,2024-12-01,3251.0,22,68471.0
AMB-T2-016,2025-01-01,2314.0,31,70786.0
AMB-T2-016,2025-02-01,2518.0,39,73304.0
AMB-T2-016,2025-03-01,3240.0,37,76543.0
AMB-T2-016,2025-04-01,3257.0,35,79801.0
AMB-T2-016,2025-05-01,2988.0,41,82789.0
AMB-T2-016,2025-06-01,3470.0,21,86259.0
AMB-T2-016,2025-07-01,1734.0,61,87993.0
AMB-T2-016,2025-08-01,1992.0,31,89986.0
AMB-T2-016,2025-09-01,1907.0,52,91893.0
AMB-T2-016,2025-10-01,1680.0,39,93573.0
AMB-T2-016,2025-11-01,2273.0,51,95846.0
AMB-T2-016,2025-12-01,2094.0,44,97940.0
AMB-T2-017,2024-01-01,2228.0,74,62202.0
AMB-T2-017,2024-02-01,2787.0,47,64989.0
AMB-T2-017,2024-03-01,3923.0,40,68912.0
AMB-T2-017,2024-04-01,3931.0,42,72843.0
AMB-T2-017,2024-05-01,3334.0,40,76177.0
AMB-T2-017,2024-06-01,2117.0,52,78293.0
AMB-T2-017,2024-07-01,3314.0,31,81608.0
AMB-T2-017,2024-08-01,2746.0,61,84354.0
AMB-T2-017,2024-09-01,3291.0,42,87645.0
AMB-T2-017,2024-10-01,2572.0,70,90217.0
AMB-T2-017,2024-11-01,2062.0,46,92279.0
AMB-T2-017,2024-12-01,2052.0,62,94331.0
AMB-T2-017,2025-01-01,2926.0,49,97257.0
AMB-T2-017,2025-02-01,4592.0,39,101849.0
AMB-T2-017,2025-03-01,3980.0,42,105829.0
AMB-T2-017,2025-04-01,2790.0,78,108619.0
AMB-T2-017,2025-05-01,2834.0,30,111453.0
AMB-T2-017,2025-06-01,3100.0,45,114553.0
AMB-T2-017,2025-07-01,3151.0,45,117704.0
AMB-T2-017,2025-08-01,4260.0,53,121964.0
AMB-T2-017,2025-09-01,2286.0,48,124249.0
AMB-T2-017,2025-10-01,2451.0,44,126700.0
AMB-T2-017,2025-11-01,2384.0,72,129084.0
AMB-T2-017,2025-12-01,2516.0,55,131600.0
AMB-T2-018,2024-01-01,2532.0,29,19117.0
AMB-T2-018,2024-02-01,2845.0,48,21962.0
AMB-T2-018,2024-03-01,3062.0,12,25024.0
AMB-T2-018,2024-04-01,1986.0,55,27010.0
AMB-T2-018,2024-05-01,2172.0,46,29182.0
AMB-T2-018,2024-06-01,1972.0,52,31154.0
AMB-T2-018,2024-07-01,3285.0,52,34439.0
AMB-T2-018,2024-08-01,3346.0,62,37785.0
AMB-T2-018,2024-09-01,2022.0,34,39807.0
AMB-T2-018,2024-10-01,3265.0,57,43072.0
AMB-T2-018,2024-11-01,2322.0,34,45394.0
AMB-T2-018,2024-12-01,2335.0,24,47729.0
AMB-T2-018,2025-01-01,1964.0,28,49693.0
AMB-T2-018,2025-02-01,2550.0,47,52243.0
AMB-T2-018,2025-03-01,2987.0,37,55229.0
AMB-T2-018,2025-04-01,2436.0,45,57665.0
AMB-T2-018,2025-05-01,1829.0,55,59494.0
AMB-T2-018,2025-06-01,3498.0,36,62992.0
AMB-T2-018,2025-07-01,2487.0,58,65479.0
AMB-T2-018,2025-08-01,2653.0,50,68132.0
AMB-T2-018,2025-09-01,2671.0,62,70803.0
AMB-T2-018,2025-10-01,3021.0,50,73824.0
AMB-T2-018,2025-11-01,3066.0,37,76890.0
AMB-T2-018,2025-12-01,2449.0,53,79338.0
AMB-T2-019,2024-01-01,2647.0,27,29300.0
AMB-T2-019,2024-02-01,3695.0,53,32995.0
AMB-T2-019,2024-03-01,2594.0,38,35588.0
AMB-T2-019,2024-04-01,2690.0,47,38278.0
AMB-T2-019,2024-05-01,1351.0,66,39629.0
AMB-T2-019,2024-06-01,2097.0,41,41726.0
AMB-T2-019,2024-07-01,2592.0,65,44318.0
AMB-T2-019,2024-08-01,2518.0,60,46836.0
AMB-T2-019,2024-09-01,2815.0,29,49651.0
AMB-T2-019,2024-10-01,2652.0,39,52303.0
AMB-T2-019,2024-11-01,1921.0,45,54224.0
AMB-T2-019,2024-12-01,2584.0,47,56808.0
AMB-T2-019,2025-01-01,2687.0,33,59495.0
AMB-T2-019,2025-02-01,3032.0,33,62527.0
AMB-T2-019,2025-03-01,711.0,42,63238.0
AMB-T2-019,2025-04-01,2239.0,45,65477.0
AMB-T2-019,2025-05-01,3770.0,65,69247.0
AMB-T2-019,2025-06-01,2472.0,31,71719.0
AMB-T2-019,2025-07-01,2922.0,36,74640.0
AMB-T2-019,2025-08-01,2806.0,33,77446.0
AMB-T2-019,2025-09-01,2721.0,31,80168.0
AMB-T2-019,2025-10-01,3282.0,34,83449.0
AMB-T2-019,2025-11-01,2968.0,26,86417.0
AMB-T2-019,2025-12-01,3040.0,29,89457.0
AMB-T2-020,2024-01-01,3229.0,61,27921.0
AMB-T2-020,2024-02-01,2953.0,37,30874.0
AMB-T2-020,2024-03-01,3371.0,39,34245.0
AMB-T2-020,2024-04-01,2830.0,52,37075.0
AMB-T2-020,2024-05-01,3889.0,49,40964.0
AMB-T2-020,2024-06-01,3086.0,58,44051.0
AMB-T2-020,2024-07-01,3103.0,57,47153.0
AMB-T2-020,2024-08-01,3720.0,45,50873.0
AMB-T2-020,2024-09-01,1108.0,39,51981.0
AMB-T2-020,2024-10-01,3798.0,48,55779.0
AMB-T2-020,2024-11-01,2869.0,63,58648.0
AMB-T2-020,2024-12-01,3012.0,24,61660.0
AMB-T2-020,2025-01-01,2170.0,54,63829.0
AMB-T2-020,2025-02-01,3033.0,66,66862.0
AMB-T2-020,2025-03-01,2633.0,45,69495.0
AMB-T2-020,2025-04-01,2542.0,43,72037.0
AMB-T2-020,2025-05-01,1938.0,44,73974.0
AMB-T2-020,2025-06-01,3042.0,47,77016.0
AMB-T2-020,2025-07-01,4362.0,71,81378.0
AMB-T2-020,2025-08-01,2622.0,24,84000.0
AMB-T2-020,2025-09-01,3013.0,53,87014.0
AMB-T2-020,2025-10-01,2556.0,39,89570.0
AMB-T2-020,2025-11-01,4022.0,46,93592.0
AMB-T2-020,2025-12-01,3470.0,38,97062.0
AMB-T2-021,2024-01-01,3445.0,51,18606.0
AMB-T2-021,2024-02-01,3074.0,69,21680.0
AMB-T2-021,2024-03-01,2646.0,59,24326.0
AMB-T2-021,2024-04-01,3266.0,60,27592.0
AMB-T2-021,2024-05-01,3274.0,66,30867.0
AMB-T2-021,2024-06-01,2915.0,69,33782.0
AMB-T2-021,2024-07-01,3462.0,39,37244.0
AMB-T2-021,2024-08-01,3887.0,53,41131.0
AMB-T2-021,2024-09-01,2455.0,59,43586.0
AMB-T2-021,2024-10-01,4083.0,71,47669.0
AMB-T2-021,2024-11-01,3252.0,57,50921.0
AMB-T2-021,2024-12-01,3510.0,73,54431.0
AMB-T2-021,2025-01-01,2993.0,50,57424.0
AMB-T2-021,2025-02-01,2978.0,38,60402.0
AMB-T2-021,2025-03-01,3628.0,75,64030.0
AMB-T2-021,2025-04-01,3360.0,45,67390.0
AMB-T2-021,2025-05-01,3591.0,62,70982.0
AMB-T2-021,2025-06-01,3385.0,72,74367.0
AMB-T2-021,2025-07-01,2992.0,52,77359.0
AMB-T2-021,2025-08-01,3657.0,60,81016.0
AMB-T2-021,2025-09-01,3508.0,40,84524.0
AMB-T2-021,2025-10-01,4882.0,53,89406.0
AMB-T2-021,2025-11-01,3545.0,63,92951.0
AMB-T2-021,2025-12-01,3097.0,56,96048.0
AMB-T2-022,2024-01-01,3370.0,65,50976.0
AMB-T2-022,2024-02-01,3611.0,63,54587.0
AMB-T2-022,2024-03-01,3148.0,50,57735.0
AMB-T2-022,2024-04-01,2957.0,52,60692.0
AMB-T2-022,2024-05-01,2232.0,57,62924.0
AMB-T2-022,2024-06-01,3456.0,62,66380.0
AMB-T2-022,2024-07-01,3803.0,75,70183.0
AMB-T2-022,2024-08-01,5333.0,74,75516.0
AMB-T2-022,2024-09-01,3504.0,54,79020.0
AMB-T2-022,2024-10-01,4297.0,40,83318.0
AMB-T2-022,2024-11-01,3587.0,57,86905.0
AMB-T2-022,2024-12-01,4127.0,68,91031.0
AMB-T2-022,2025-01-01,3330.0,55,94361.0
AMB-T2-022,2025-02-01,4043.0,51,98404.0
AMB-T2-022,2025-03-01,4500.0,67,102904.0
AMB-T2-022,2025-04-01,3879.0,65,106783.0
AMB-T2-022,2025-05-01,3496.0,53,110279.0
AMB-T2-022,2025-06-01,3521.0,66,113801.0
AMB-T2-022,2025-07-01,3897.0,55,117698.0
AMB-T2-022,2025-08-01,4226.0,58,121924.0
AMB-T2-022,2025-09-01,3360.0,63,125284.0
AMB-T2-022,2025-10-01,3168.0,40,128452.0
AMB-T2-022,2025-11-01,3773.0,52,132226.0
AMB-T2-022,2025-12-01,3624.0,49,135849.0
AMB-T2-023,2024-01-01,2859.0,26,79001.0
AMB-T2-023,2024-02-01,1874.0,38,80875.0
AMB-T2-023,2024-03-01,1307.0,16,82183.0
AMB-T2-023,2024-04-01,2362.0,28,84545.0
AMB-T2-023,2024-05-01,1593.0,41,86137.0
AMB-T2-023,2024-06-01,1646.0,30,87783.0
AMB-T2-023,2024-07-01,1596.0,37,89379.0
AMB-T2-023,2024-08-01,2933.0,11,92312.0
AMB-T2-023,2024-09-01,2201.0,44,94513.0
AMB-T2-023,2024-10-01,1881.0,20,96393.0
AMB-T2-023,2024-11-01,2386.0,46,98779.0
AMB-T2-023,2024-12-01,2668.0,38,101447.0
AMB-T2-023,2025-01-01,2192.0,23,103639.0
AMB-T2-023,2025-02-01,2653.0,44,106292.0
AMB-T2-023,2025-03-01,1451.0,38,107743.0
AMB-T2-023,2025-04-01,2525.0,44,110268.0
AMB-T2-023,2025-05-01,2088.0,23,112356.0
AMB-T2-023,2025-06-01,1832.0,22,114188.0
AMB-T2-023,2025-07-01,2103.0,31,116291.0
AMB-T2-023,2025-08-01,3420.0,45,119712.0
AMB-T2-023,2025-09-01,2715.0,39,122427.0
AMB-T2-023,2025-10-01,1913.0,30,124340.0
AMB-T2-023,2025-11-01,2023.0,36,126363.0
AMB-T2-023,2025-12-01,2367.0,34,128730.0
AMB-T2-024,2024-01-01,3670.0,54,42946.0
AMB-T2-024,2024-02-01,3008.0,77,45954.0
AMB-T2-024,2024-03-01,5167.0,76,51121.0
AMB-T2-024,2024-04-01,3088.0,71,54210.0
AMB-T2-024,2024-05-01,4458.0,56,58668.0
AMB-T2-024,2024-06-01,4137.0,56,62805.0
AMB-T2-024,2024-07-01,4761.0,66,67566.0
AMB-T2-024,2024-08-01,3294.0,69,70860.0
AMB-T2-024,2024-09-01,4479.0,64,75339.0
AMB-T2-024,2024-10-01,4132.0,60,79471.0
AMB-T2-024,2024-11-01,3163.0,59,82634.0
AMB-T2-024,2024-12-01,4158.0,60,86792.0
AMB-T2-024,2025-01-01,4324.0,57,91116.0
AMB-T2-024,2025-02-01,3648.0,71,94764.0
AMB-T2-024,2025-03-01,3977.0,56,98741.0
AMB-T2-024,2025-04-01,4464.0,53,103205.0
AMB-T2-024,2025-05-01,3408.0,27,106613.0
AMB-T2-024,2025-06-01,3512.0,77,110124.0
AMB-T2-024,2025-07-01,2601.0,50,112725.0
AMB-T2-024,2025-08-01,4107.0,34,116832.0
AMB-T2-024,2025-09-01,3537.0,75,120370.0
AMB-T2-024,2025-10-01,5070.0,65,125439.0
AMB-T2-024,2025-11-01,3288.0,50,128727.0
AMB-T2-024,2025-12-01,3931.0,65,132658.0
AMB-T2-025,2024-01-01,3607.0,51,27875.0
AMB-T2-025,2024-02-01,2542.0,36,30417.0
AMB-T2-025,2024-03-01,4301.0,47,34718.0
AMB-T2-025,2024-04-01,2091.0,37,36808.0
AMB-T2-025,2024-05-01,1965.0,11,38774.0
AMB-T2-025,2024-06-01,2679.0,61,41453.0
AMB-T2-025,2024-07-01,1514.0,40,42966.0
AMB-T2-025,2024-08-01,2068.0,46,45034.0
AMB-T2-025,2024-09-01,2388.0,23,47423.0
AMB-T2-025,2024-10-01,1903.0,30,49326.0
AMB-T2-025,2024-11-01,3298.0,55,52624.0
AMB-T2-025,2024-12-01,2305.0,54,54929.0
AMB-T2-025,2025-01-01,2388.0,36,57317.0
AMB-T2-025,2025-02-01,2526.0,43,59843.0
AMB-T2-025,2025-03-01,2159.0,40,62002.0
AMB-T2-025,2025-04-01,2964.0,41,64966.0
AMB-T2-025,2025-05-01,2518.0,45,67484.0
AMB-T2-025,2025-06-01,2892.0,39,70376.0
AMB-T2-025,2025-07-01,2207.0,42,72583.0
AMB-T2-025,2025-08-01,1535.0,37,74118.0
AMB-T2-025,2025-09-01,1009.0,19,75127.0
AMB-T2-025,2025-10-01,1396.0,52,76523.0
AMB-T2-025,2025-11-01,2500.0,24,79024.0
AMB-T2-025,2025-12-01,2786.0,51,81810.0
AMB-T2-026,2024-01-01,4157.0,59,58256.0
AMB-T2-026,2024-02-01,3991.0,72,62247.0
AMB-T2-026,2024-03-01,3570.0,62,65818.0
AMB-T2-026,2024-04-01,3698.0,42,69515.0
AMB-T2-026,2024-05-01,4402.0,86,73917.0
AMB-T2-026,2024-06-01,3328.0,73,77245.0
AMB-T2-026,2024-07-01,3347.0,63,80591.0
AMB-T2-026,2024-08-01,4757.0,55,85348.0
AMB-T2-026,2024-09-01,3843.0,40,89191.0
AMB-T2-026,2024-10-01,3453.0,39,92645.0
AMB-T2-026,2024-11-01,4109.0,71,96754.0
AMB-T2-026,2024-12-01,3719.0,65,100473.0
AMB-T2-026,2025-01-01,3656.0,70,104129.0
AMB-T2-026,2025-02-01,3930.0,38,108059.0
AMB-T2-026,2025-03-01,4416.0,57,112475.0
AMB-T2-026,2025-04-01,3090.0,56,115565.0
AMB-T2-026,2025-05-01,2711.0,46,118275.0
AMB-T2-026,2025-06-01,3938.0,64,122213.0
AMB-T2-026,2025-07-01,4036.0,61,126249.0
AMB-T2-026,2025-08-01,3436.0,61,129685.0
AMB-T2-026,2025-09-01,3590.0,42,133274.0
AMB-T2-026,2025-10-01,3388.0,72,136663.0
AMB-T2-026,2025-11-01,4805.0,69,141468.0
AMB-T2-026,2025-12-01,4778.0,62,146246.0
AMB-T2-027,2024-01-01,3282.0,60,69496.0
AMB-T2-027,2024-02-01,1196.0,38,70692.0
AMB-T2-027,2024-03-01,2288.0,30,72980.0
AMB-T2-027,2024-04-01,2531.0,36,75511.0
AMB-T2-027,2024-05-01,1795.0,35,77306.0
AMB-T2-027,2024-06-01,2959.0,38,80265.0
AMB-T2-027,2024-07-01,2612.0,32,82877.0
AMB-T2-027,2024-08-01,2507.0,21,85385.0
AMB-T2-027,2024-09-01,1936.0,34,87321.0
AMB-T2-027,2024-10-01,1470.0,25,88792.0
AMB-T2-027,2024-11-01,2424.0,37,91216.0
AMB-T2-027,2024-12-01,2720.0,28,93936.0
AMB-T2-027,2025-01-01,2271.0,27,96207.0
AMB-T2-027,2025-02-01,2660.0,50,98867.0
AMB-T2-027,2025-03-01,2526.0,48,101393.0
AMB-T2-027,2025-04-01,2256.0,45,103648.0
AMB-T2-027,2025-05-01,2281.0,23,105930.0
AMB-T2-027,2025-06-01,2384.0,23,108314.0
AMB-T2-027,2025-07-01,3640.0,31,111954.0
AMB-T2-027,2025-08-01,2623.0,35,114577.0
AMB-T2-027,2025-09-01,1496.0,13,116073.0
AMB-T2-027,2025-10-01,2686.0,54,118759.0
AMB-T2-027,2025-11-01,1795.0,16,120554.0
AMB-T2-027,2025-12-01,2041.0,24,122595.0
AMB-T2-028,2024-01-01,1600.0,39,19168.0
AMB-T2-028,2024-02-01,1960.0,22,21129.0
AMB-T2-028,2024-03-01,2344.0,39,23473.0
AMB-T2-028,2024-04-01,1788.0,33,25261.0
AMB-T2-028,2024-05-01,2303.0,37,27564.0
AMB-T2-028,2024-06-01,2015.0,49,29579.0
AMB-T2-028,2024-07-01,2340.0,26,31919.0
AMB-T2-028,2024-08-01,1724.0,25,33643.0
AMB-T2-028,2024-09-01,2370.0,24,36013.0
AMB-T2-028,2024-10-01,1736.0,44,37749.0
AMB-T2-028,2024-11-01,2106.0,46,39854.0
AMB-T2-028,2024-12-01,2469.0,17,42324.0
AMB-T2-028,2025-01-01,1929.0,43,44253.0
AMB-T2-028,2025-02-01,1257.0,37,45511.0
AMB-T2-028,2025-03-01,1967.0,10,47478.0
AMB-T2-028,2025-04-01,2062.0,21,49540.0
AMB-T2-028,2025-05-01,1290.0,32,50830.0
AMB-T2-028,2025-06-01,832.0,23,51662.0
AMB-T2-028,2025-07-01,3521.0,39,55184.0
AMB-T2-028,2025-08-01,1462.0,48,56645.0
AMB-T2-028,2025-09-01,1395.0,25,58041.0
AMB-T2-028,2025-10-01,1301.0,35,59342.0
AMB-T2-028,2025-11-01,2812.0,20,62154.0
AMB-T2-028,2025-12-01,754.0,45,62908.0
AMB-T2-029,2024-01-01,3282.0,13,77121.0
AMB-T2-029,2024-02-01,2626.0,40,79746.0
AMB-T2-029,2024-03-01,1877.0,21,81623.0
AMB-T2-029,2024-04-01,2945.0,39,84568.0
AMB-T2-029,2024-05-01,2502.0,30,87070.0
AMB-T2-029,2024-06-01,1868.0,10,88938.0
AMB-T2-029,2024-07-01,2213.0,55,91151.0
AMB-T2-029,2024-08-01,1815.0,19,92966.0
AMB-T2-029,2024-09-01,2611.0,45,95577.0
AMB-T2-029,2024-10-01,1998.0,33,97575.0
AMB-T2-029,2024-11-01,2508.0,35,100083.0
AMB-T2-029,2024-12-01,2950.0,67,103032.0
AMB-T2-029,2025-01-01,1324.0,52,104356.0
AMB-T2-029,2025-02-01,2413.0,54,106769.0
AMB-T2-029,2025-03-01,2784.0,38,109553.0
AMB-T2-029,2025-04-01,2805.0,33,112359.0
AMB-T2-029,2025-05-01,1885.0,47,114244.0
AMB-T2-029,2025-06-01,1843.0,45,116086.0
AMB-T2-029,2025-07-01,2368.0,10,118454.0
AMB-T2-029,2025-08-01,2005.0,41,120459.0
AMB-T2-029,2025-09-01,2106.0,10,122565.0
AMB-T2-029,2025-10-01,3142.0,39,125707.0
AMB-T2-029,2025-11-01,2616.0,32,128323.0
AMB-T2-029,2025-12-01,2668.0,59,130991.0
AMB-T2-030,2024-01-01,1909.0,57,50068.0
AMB-T2-030,2024-02-01,2589.0,27,52657.0
AMB-T2-030,2024-03-01,3677.0,42,56334.0
AMB-T2-030,2024-04-01,2756.0,34,59089.0
AMB-T2-030,2024-05-01,1872.0,39,60961.0
AMB-T2-030,2024-06-01,3299.0,34,64260.0
AMB-T2-030,2024-07-01,2334.0,55,66594.0
AMB-T2-030,2024-08-01,2170.0,43,68763.0
AMB-T2-030,2024-09-01,2876.0,35,71639.0
AMB-T2-030,2024-10-01,2536.0,45,74175.0
AMB-T2-030,2024-11-01,2109.0,47,76284.0
AMB-T2-030,2024-12-01,2022.0,29,78306.0
AMB-T2-030,2025-01-01,1434.0,31,79739.0
AMB-T2-030,2025-02-01,1860.0,32,81600.0
AMB-T2-030,2025-03-01,2717.0,17,84316.0
AMB-T2-030,2025-04-01,1165.0,28,85481.0
AMB-T2-030,2025-05-01,2626.0,41,88108.0
AMB-T2-030,2025-06-01,1891.0,51,89999.0
AMB-T2-030,2025-07-01,1955.0,43,91953.0
AMB-T2-030,2025-08-01,2132.0,27,94085.0
AMB-T2-030,2025-09-01,1987.0,46,96072.0
AMB-T2-030,2025-10-01,2566.0,49,98638.0
AMB-T2-030,2025-11-01,2566.0,18,101205.0
AMB-T2-030,2025-12-01,3618.0,42,104823.0
AMB-T2-031,2024-01-01,3780.0,51,57440.0
AMB-T2-031,2024-02-01,4140.0,42,61580.0
AMB-T2-031,2024-03-01,3838.0,30,65418.0
AMB-T2-031,2024-04-01,3878.0,42,69296.0
AMB-T2-031,2024-05-01,3638.0,72,72934.0
AMB-T2-031,2024-06-01,3965.0,70,76899.0
AMB-T2-031,2024-07-01,4144.0,49,81043.0
AMB-T2-031,2024-08-01,3831.0,35,84874.0
AMB-T2-031,2024-09-01,3060.0,72,87933.0
AMB-T2-031,2024-10-01,3241.0,33,91174.0
AMB-T2-031,2024-11-01,4680.0,62,95854.0
AMB-T2-031,2024-12-01,3930.0,44,99784.0
AMB-T2-031,2025-01-01,3642.0,58,103426.0
AMB-T2-031,2025-02-01,2979.0,53,106405.0
AMB-T2-031,2025-03-01,2571.0,51,108977.0
AMB-T2-031,2025-04-01,4056.0,46,113033.0
AMB-T2-031,2025-05-01,4616.0,38,117649.0
AMB-T2-031,2025-06-01,3316.0,47,120964.0
AMB-T2-031,2025-07-01,3364.0,72,124328.0
AMB-T2-031,2025-08-01,2881.0,50,127209.0
AMB-T2-031,2025-09-01,3864.0,56,131073.0
AMB-T2-031,2025-10-01,3577.0,44,134650.0
AMB-T2-031,2025-11-01,3429.0,69,138079.0
AMB-T2-031,2025-12-01,2506.0,47,140585.0
AMB-T2-032,2024-01-01,2147.0,58,69398.0
AMB-T2-032,2024-02-01,3971.0,49,73369.0
AMB-T2-032,2024-03-01,2633.0,40,76002.0
AMB-T2-032,2024-04-01,3058.0,48,79060.0
AMB-T2-032,2024-05-01,3783.0,43,82843.0
AMB-T2-032,2024-06-01,3497.0,48,86340.0
AMB-T2-032,2024-07-01,2789.0,48,89129.0
AMB-T2-032,2024-08-01,3438.0,62,92568.0
AMB-T2-032,2024-09-01,3085.0,37,95652.0
AMB-T2-032,2024-10-01,3836.0,41,99488.0
AMB-T2-032,2024-11-01,3393.0,51,102881.0
AMB-T2-032,2024-12-01,3141.0,46,106022.0
AMB-T2-032,2025-01-01,3608.0,10,109630.0
AMB-T2-032,2025-02-01,3918.0,41,113548.0
AMB-T2-032,2025-03-01,3481.0,56,117029.0
AMB-T2-032,2025-04-01,4001.0,54,121030.0
AMB-T2-032,2025-05-01,2739.0,32,123769.0
AMB-T2-032,2025-06-01,3027.0,28,126796.0
AMB-T2-032,2025-07-01,2859.0,48,129655.0
AMB-T2-032,2025-08-01,2822.0,52,132477.0
AMB-T2-032,2025-09-01,3094.0,48,135571.0
AMB-T2-032,2025-10-01,1782.0,36,137353.0
AMB-T2-032,2025-11-01,3622.0,61,140975.0
AMB-T2-032,2025-12-01,2133.0,42,143107.0
AMB-T2-033,2024-01-01,3825.0,42,66858.0
AMB-T2-033,2024-02-01,3115.0,68,69973.0
AMB-T2-033,2024-03-01,2965.0,45,72937.0
AMB-T2-033,2024-04-01,3087.0,73,76025.0
AMB-T2-033,2024-05-01,3449.0,51,79474.0
AMB-T2-033,2024-06-01,2867.0,57,82341.0
AMB-T2-033,2024-07-01,3577.0,38,85919.0
AMB-T2-033,2024-08-01,3594.0,49,89512.0
AMB-T2-033,2024-09-01,3197.0,40,92709.0
AMB-T2-033,2024-10-01,2942.0,38,95651.0
AMB-T2-033,2024-11-01,2535.0,55,98185.0
AMB-T2-033,2024-12-01,2969.0,35,101154.0
AMB-T2-033,2025-01-01,4488.0,37,105642.0
AMB-T2-033,2025-02-01,3837.0,33,109479.0
AMB-T2-033,2025-03-01,3456.0,48,112934.0
AMB-T2-033,2025-04-01,2804.0,53,115738.0
AMB-T2-033,2025-05-01,3219.0,41,118958.0
AMB-T2-033,2025-06-01,2667.0,32,121625.0
AMB-T2-033,2025-07-01,3365.0,36,124990.0
AMB-T2-033,2025-08-01,3184.0,58,128174.0
AMB-T2-033,2025-09-01,3306.0,42,131480.0
AMB-T2-033,2025-10-01,3727.0,46,135207.0
AMB-T2-033,2025-11-01,2381.0,47,137588.0
AMB-T2-033,2025-12-01,3534.0,43,141122.0
