id_ambulancia,t0,prob_inoperatividad,nivel_riesgo,dias_desde_ultima_interv,downtime_total_dias_w,n_cm_w,disponibilidad_w,equipamiento_funcional
AMB-T2-004,2025-07-18,0.7781,ALTO,23,1.0,0,0.9833,1
AMB-T2-004,2025-07-11,0.7781,ALTO,16,1.0,0,0.9833,1
AMB-T2-005,2025-03-07,0.7742,ALTO,15,1.0,0,0.9833,1
AMB-T2-004,2025-07-04,0.7698,ALTO,9,1.0,0,0.9833,1
AMB-T2-005,2025-03-28,0.7688,ALTO,7,1.0,0,0.9833,1
AMB-T2-004,2025-03-07,0.767,ALTO,30,1.0,0,0.9833,1
AMB-T2-027,2025-02-28,0.7643,ALTO,17,3.6,1,0.94,1
AMB-T2-005,2025-03-14,0.7633,ALTO,22,1.0,0,0.9833,1
AMB-T2-005,2025-04-04,0.7585,ALTO,14,1.0,0,0.9833,1
AMB-T2-005,2025-04-11,0.7583,ALTO,21,1.0,0,0.9833,1
AMB-T2-027,2025-02-07,0.7547,ALTO,23,3.6,1,0.94,1
AMB-T2-009,2025-08-01,0.7512,ALTO,8,1.0,0,0.9833,1
AMB-T2-033,2025-06-06,0.7504,ALTO,30,3.1,1,0.9483,1
AMB-T2-023,2025-08-29,0.7501,ALTO,12,2.4,1,0.96,1
AMB-T2-009,2025-08-08,0.7485,ALTO,15,1.0,0,0.9833,1
AMB-T2-005,2025-04-18,0.7467,ALTO,28,1.0,0,0.9833,1
AMB-T2-009,2025-08-22,0.7462,ALTO,12,1.0,0,0.9833,1
AMB-T2-027,2025-02-21,0.7459,ALTO,10,3.6,1,0.94,1
AMB-T2-009,2025-08-29,0.7458,ALTO,19,1.0,0,0.9833,1
AMB-T2-004,2025-03-14,0.7458,ALTO,37,1.0,0,0.9833,1
AMB-T2-035,2025-04-25,0.7429,ALTO,11,4.2,1,0.93,1
AMB-T2-035,2025-05-02,0.7423,ALTO,18,4.2,1,0.93,1
AMB-T2-034,2025-06-27,0.7387,ALTO,34,2.8,1,0.9533,1
AMB-T2-022,2025-02-07,0.7386,ALTO,18,1.0,0,0.9833,1
AMB-T2-034,2025-06-13,0.7373,ALTO,20,2.8,1,0.9533,1
AMB-T2-034,2025-06-20,0.7362,ALTO,27,2.8,1,0.9533,1
AMB-T2-010,2025-01-03,0.7359,ALTO,30,2.1,1,0.965,1
AMB-T2-009,2025-07-18,0.7346,ALTO,31,1.0,0,0.9833,1
AMB-T2-035,2025-01-17,0.7321,ALTO,7,1.4,0,0.9767,1
AMB-T2-010,2025-01-10,0.731,ALTO,37,2.1,1,0.965,1
AMB-T2-035,2025-01-24,0.7308,ALTO,14,1.4,0,0.9767,1
AMB-T2-009,2025-07-11,0.7291,ALTO,24,1.0,0,0.9833,1
AMB-T2-022,2025-02-14,0.729,ALTO,25,1.0,0,0.9833,1
AMB-T2-019,2025-06-27,0.7227,ALTO,20,2.1,0,0.965,1
AMB-T2-019,2025-06-20,0.7216,ALTO,13,2.1,0,0.965,1
AMB-T2-027,2025-02-14,0.7144,ALTO,3,3.6,1,0.94,1
AMB-T2-032,2025-11-28,0.7111,ALTO,19,3.0,1,0.95,1
AMB-T2-035,2025-01-03,0.7083,ALTO,27,1.4,0,0.9767,1
AMB-T2-032,2025-11-07,0.7082,ALTO,34,3.0,1,0.95,1
AMB-T2-032,2025-11-21,0.7061,ALTO,12,3.0,1,0.95,1
AMB-T2-008,2025-04-25,0.7061,ALTO,15,3.3,1,0.945,1
AMB-T2-001,2025-11-28,0.7058,ALTO,7,3.5,1,0.9417,1
AMB-T2-035,2025-04-04,0.7042,ALTO,13,4.2,1,0.93,1
AMB-T2-001,2025-11-14,0.7001,ALTO,13,3.5,1,0.9417,1
AMB-T2-035,2025-04-11,0.6996,ALTO,20,4.2,1,0.93,1
AMB-T2-019,2025-01-03,0.6987,ALTO,31,2.9,1,0.9517,1
AMB-T2-024,2025-05-30,0.6951,ALTO,13,1.0,0,0.9833,1
AMB-T2-019,2025-01-17,0.6951,ALTO,13,2.9,1,0.9517,1
AMB-T2-008,2025-04-04,0.6944,ALTO,26,3.3,1,0.945,1
AMB-T2-027,2025-01-24,0.6925,ALTO,9,3.6,1,0.94,1
AMB-T2-034,2025-07-04,0.6919,ALTO,41,2.8,1,0.9533,1
AMB-T2-019,2025-07-25,0.6913,ALTO,13,2.1,0,0.965,1
AMB-T2-035,2025-03-28,0.6891,ALTO,6,4.2,1,0.93,1
AMB-T2-017,2025-05-16,0.6829,ALTO,9,1.4,0,0.9767,1
AMB-T2-030,2025-08-01,0.6826,ALTO,13,1.8,0,0.97,1
AMB-T2-022,2025-12-12,0.6798,ALTO,5,3.1,1,0.9483,1
AMB-T2-008,2025-03-21,0.6796,ALTO,12,3.3,1,0.945,1
AMB-T2-035,2025-04-18,0.6761,ALTO,4,4.2,1,0.93,1
AMB-T2-019,2025-07-18,0.6716,ALTO,6,2.1,0,0.965,1
AMB-T2-018,2025-03-28,0.6675,ALTO,0,0.0,0,1.0,1
AMB-T2-018,2025-06-13,0.6665,ALTO,21,2.0,3,0.9667,1
AMB-T2-028,2025-10-31,0.6661,ALTO,14,0.0,0,1.0,1
AMB-T2-026,2025-08-22,0.6645,ALTO,14,1.5,0,0.975,1
AMB-T2-018,2025-06-06,0.6626,ALTO,14,2.0,3,0.9667,1
AMB-T2-018,2025-06-20,0.6623,ALTO,28,2.0,3,0.9667,1
AMB-T2-009,2025-08-15,0.6615,ALTO,5,1.0,0,0.9833,1
AMB-T2-001,2025-01-03,0.6612,ALTO,21,2.8,1,0.9533,1
AMB-T2-023,2025-08-22,0.6599,ALTO,5,2.4,1,0.96,1
AMB-T2-014,2025-10-31,0.6597,ALTO,15,0.0,0,1.0,1
AMB-T2-024,2025-06-06,0.659,ALTO,20,1.0,0,0.9833,1
AMB-T2-018,2025-06-27,0.659,ALTO,35,2.0,3,0.9667,1
AMB-T2-022,2025-03-14,0.6588,ALTO,7,0.0,0,1.0,1
AMB-T2-026,2025-08-15,0.6562,ALTO,7,1.5,0,0.975,1
AMB-T2-034,2025-06-06,0.656,ALTO,13,2.8,1,0.9533,1
AMB-T2-008,2025-03-28,0.656,ALTO,19,3.3,1,0.945,1
AMB-T2-027,2025-01-31,0.654,ALTO,16,3.6,1,0.94,1
AMB-T2-013,2025-03-21,0.6537,ALTO,8,0.0,0,1.0,1
AMB-T2-024,2025-01-31,0.6534,ALTO,2,0.0,0,1.0,1
AMB-T2-013,2025-11-21,0.6528,ALTO,8,0.0,0,1.0,1
AMB-T2-019,2025-08-01,0.6514,ALTO,20,2.1,0,0.965,1
AMB-T2-019,2025-09-26,0.6513,ALTO,7,0.0,0,1.0,1
AMB-T2-027,2025-03-07,0.6506,ALTO,3,3.6,1,0.94,1
AMB-T2-023,2025-01-03,0.6457,ALTO,20,2.7,1,0.955,1
AMB-T2-018,2025-11-21,0.6441,ALTO,31,13.0,0,0.7833,1
AMB-T2-005,2025-09-05,0.6415,ALTO,14,2.9,0,0.9517,1
AMB-T2-026,2025-10-31,0.6411,ALTO,15,0.0,0,1.0,1
AMB-T2-022,2025-05-02,0.6393,ALTO,6,0.0,0,1.0,1
AMB-T2-019,2025-06-13,0.6387,ALTO,6,0.0,0,1.0,1
AMB-T2-033,2025-02-21,0.6378,ALTO,9,0.0,0,1.0,1
AMB-T2-029,2025-08-01,0.6375,ALTO,32,15.9,0,0.735,1
AMB-T2-018,2025-11-28,0.6371,ALTO,38,13.0,0,0.7833,1
AMB-T2-024,2025-06-13,0.6364,ALTO,27,1.0,0,0.9833,1
AMB-T2-017,2025-09-26,0.636,ALTO,42,3.1,0,0.9483,1
AMB-T2-008,2025-04-18,0.6359,ALTO,8,3.3,1,0.945,1
AMB-T2-031,2025-10-10,0.6355,ALTO,9,0.0,0,1.0,1
AMB-T2-006,2025-04-04,0.6321,ALTO,24,1.0,0,0.9833,1
AMB-T2-013,2025-11-14,0.632,ALTO,1,0.0,0,1.0,1
AMB-T2-013,2025-03-14,0.6298,ALTO,1,0.0,0,1.0,1
AMB-T2-017,2025-09-19,0.6274,ALTO,35,3.1,0,0.9483,1
AMB-T2-029,2025-04-04,0.6269,ALTO,7,0.0,0,1.0,1
AMB-T2-032,2025-03-14,0.6255,ALTO,11,0.0,0,1.0,1
AMB-T2-021,2025-11-07,0.6255,ALTO,7,0.0,0,1.0,1
AMB-T2-015,2025-11-07,0.6255,ALTO,7,0.0,0,1.0,1
AMB-T2-033,2025-06-20,0.6254,ALTO,9,0.0,0,1.0,1
AMB-T2-019,2025-01-10,0.625,ALTO,6,2.9,1,0.9517,1
AMB-T2-018,2025-12-05,0.625,ALTO,45,13.0,0,0.7833,1
AMB-T2-032,2025-03-21,0.6235,ALTO,18,0.0,0,1.0,1
AMB-T2-016,2025-08-01,0.6226,ALTO,9,0.0,0,1.0,1
AMB-T2-022,2025-06-13,0.622,ALTO,7,0.0,0,1.0,1
AMB-T2-019,2025-10-03,0.6212,ALTO,14,0.0,0,1.0,1
AMB-T2-008,2025-01-31,0.6205,ALTO,7,1.0,0,0.9833,1
AMB-T2-015,2025-12-12,0.6203,ALTO,1,0.0,0,1.0,1
AMB-T2-026,2025-01-03,0.6202,ALTO,7,0.0,0,1.0,1
AMB-T2-032,2025-03-28,0.62,ALTO,25,0.0,0,1.0,1
AMB-T2-033,2025-09-19,0.6197,ALTO,9,0.0,0,1.0,1
AMB-T2-019,2025-09-19,0.6185,ALTO,0,0.0,0,1.0,1
AMB-T2-031,2025-06-06,0.618,ALTO,10,0.0,0,1.0,1
AMB-T2-013,2025-03-28,0.6177,ALTO,15,0.0,0,1.0,1
AMB-T2-031,2025-11-28,0.6167,ALTO,28,0.0,0,1.0,1
AMB-T2-020,2025-04-04,0.6149,ALTO,8,0.0,0,1.0,1
AMB-T2-017,2025-10-03,0.6147,ALTO,49,3.1,0,0.9483,1
AMB-T2-013,2025-11-28,0.6145,ALTO,15,0.0,0,1.0,1
AMB-T2-008,2025-02-07,0.6135,ALTO,14,1.0,0,0.9833,1
AMB-T2-030,2025-12-05,0.6134,ALTO,0,0.0,0,1.0,1
AMB-T2-012,2025-01-17,0.6121,ALTO,7,0.0,0,1.0,1
AMB-T2-008,2025-02-21,0.6119,ALTO,28,1.0,0,0.9833,1
AMB-T2-019,2025-10-10,0.6113,ALTO,21,0.0,0,1.0,1
AMB-T2-029,2025-02-28,0.6109,ALTO,19,0.0,0,1.0,1
AMB-T2-014,2025-06-13,0.6105,ALTO,6,0.0,0,1.0,1
AMB-T2-008,2025-02-14,0.6095,ALTO,21,1.0,0,0.9833,1
AMB-T2-031,2025-10-03,0.6094,ALTO,2,0.0,0,1.0,1
AMB-T2-031,2025-10-17,0.6092,ALTO,16,0.0,0,1.0,1
AMB-T2-033,2025-11-28,0.6083,ALTO,8,0.0,0,1.0,1
AMB-T2-022,2025-03-07,0.6077,ALTO,0,0.0,0,1.0,1
AMB-T2-008,2025-03-07,0.607,ALTO,8,1.0,0,0.9833,1
AMB-T2-006,2025-03-21,0.6069,ALTO,10,1.0,0,0.9833,1
AMB-T2-032,2025-11-14,0.6066,ALTO,5,3.0,1,0.95,1
AMB-T2-012,2025-01-10,0.6063,ALTO,0,0.0,0,1.0,1
AMB-T2-026,2025-01-10,0.6062,ALTO,14,0.0,0,1.0,1
AMB-T2-021,2025-06-06,0.6057,ALTO,18,0.0,0,1.0,1
AMB-T2-001,2025-08-08,0.6051,ALTO,28,0.0,0,1.0,1
AMB-T2-004,2025-06-06,0.6044,ALTO,8,0.0,0,1.0,1
AMB-T2-034,2025-05-23,0.604,ALTO,15,2.8,1,0.9533,1
AMB-T2-001,2025-08-15,0.6038,ALTO,6,0.0,0,1.0,1
AMB-T2-029,2025-03-28,0.6035,ALTO,0,0.0,0,1.0,1
AMB-T2-026,2025-01-17,0.6034,ALTO,21,0.0,0,1.0,1
AMB-T2-026,2025-07-18,0.6032,ALTO,20,1.5,0,0.975,1
AMB-T2-026,2025-07-11,0.6023,ALTO,13,1.5,0,0.975,1
AMB-T2-027,2025-05-23,0.6023,ALTO,12,0.0,1,1.0,1
AMB-T2-006,2025-03-28,0.602,ALTO,17,1.0,0,0.9833,1
AMB-T2-030,2025-12-12,0.6017,ALTO,7,0.0,0,1.0,1
AMB-T2-019,2025-11-07,0.6015,ALTO,19,0.0,0,1.0,1
AMB-T2-026,2025-03-07,0.6013,ALTO,36,1.4,1,0.9767,1
AMB-T2-003,2025-12-05,0.6003,ALTO,35,0.0,1,1.0,1
AMB-T2-033,2025-06-27,0.6003,ALTO,16,0.0,0,1.0,1
AMB-T2-021,2025-11-21,0.5998,ALTO,21,0.0,0,1.0,1
AMB-T2-031,2025-05-30,0.5997,ALTO,3,0.0,0,1.0,1
AMB-T2-019,2025-09-05,0.5995,ALTO,19,0.0,0,1.0,1
AMB-T2-001,2025-11-21,0.5994,ALTO,0,3.5,1,0.9417,1
AMB-T2-029,2025-02-21,0.5993,ALTO,12,0.0,0,1.0,1
AMB-T2-024,2025-03-21,0.599,ALTO,0,0.0,0,1.0,1
AMB-T2-026,2025-03-28,0.5984,ALTO,20,1.4,1,0.9767,1
AMB-T2-001,2025-10-10,0.5977,ALTO,12,0.0,0,1.0,1
AMB-T2-016,2025-08-29,0.5976,ALTO,9,0.0,0,1.0,1
AMB-T2-032,2025-06-06,0.5976,ALTO,16,0.0,0,1.0,1
AMB-T2-019,2025-11-14,0.597,ALTO,26,0.0,0,1.0,1
AMB-T2-031,2025-11-21,0.5969,ALTO,21,0.0,0,1.0,1
AMB-T2-026,2025-12-05,0.5966,ALTO,9,0.0,0,1.0,1
AMB-T2-004,2025-01-17,0.5962,ALTO,13,0.0,0,1.0,1
AMB-T2-033,2025-09-05,0.5957,ALTO,27,0.0,0,1.0,1
AMB-T2-013,2025-10-24,0.5948,ALTO,8,0.0,0,1.0,1
AMB-T2-001,2025-10-03,0.5943,ALTO,5,0.0,0,1.0,1
AMB-T2-021,2025-11-14,0.5938,ALTO,14,0.0,0,1.0,1
AMB-T2-020,2025-06-06,0.5938,ALTO,11,0.0,0,1.0,1
AMB-T2-032,2025-04-25,0.5931,ALTO,14,0.0,0,1.0,1
AMB-T2-019,2025-01-31,0.5929,ALTO,12,0.0,1,1.0,1
AMB-T2-026,2025-03-21,0.5927,ALTO,13,1.4,1,0.9767,1
AMB-T2-016,2025-11-14,0.5927,ALTO,2,0.0,0,1.0,1
AMB-T2-015,2025-09-19,0.5927,ALTO,7,0.0,0,1.0,1
AMB-T2-032,2025-09-12,0.5924,ALTO,12,0.0,0,1.0,1
AMB-T2-014,2025-04-25,0.592,ALTO,13,3.4,0,0.9433,1
AMB-T2-023,2025-11-14,0.5919,ALTO,6,0.0,0,1.0,1
AMB-T2-013,2025-05-09,0.5915,ALTO,20,0.0,0,1.0,1
AMB-T2-022,2025-06-20,0.5914,ALTO,14,0.0,0,1.0,1
AMB-T2-021,2025-12-05,0.591,ALTO,6,0.0,0,1.0,1
AMB-T2-031,2025-09-12,0.5905,ALTO,11,0.0,0,1.0,1
AMB-T2-031,2025-10-24,0.5896,ALTO,23,0.0,0,1.0,1
AMB-T2-012,2025-11-07,0.5896,ALTO,12,0.0,0,1.0,1
AMB-T2-033,2025-11-21,0.5892,ALTO,1,0.0,0,1.0,1
AMB-T2-033,2025-12-12,0.5889,ALTO,22,0.0,0,1.0,1
AMB-T2-020,2025-06-13,0.5883,ALTO,18,0.0,0,1.0,1
AMB-T2-005,2025-03-21,0.5882,ALTO,0,1.0,0,0.9833,1
AMB-T2-026,2025-12-12,0.5882,ALTO,16,0.0,0,1.0,1
AMB-T2-032,2025-03-07,0.5878,ALTO,4,0.0,0,1.0,1
AMB-T2-024,2025-11-28,0.5874,ALTO,1,0.0,0,1.0,1
AMB-T2-031,2025-09-19,0.5873,ALTO,18,0.0,0,1.0,1
AMB-T2-017,2025-06-06,0.5872,ALTO,30,1.4,0,0.9767,1
AMB-T2-029,2025-05-23,0.587,ALTO,4,0.0,0,1.0,1
AMB-T2-013,2025-05-02,0.5866,ALTO,13,0.0,0,1.0,1
AMB-T2-009,2025-07-25,0.5865,ALTO,1,1.0,0,0.9833,1
AMB-T2-007,2025-06-20,0.5865,ALTO,33,3.1,0,0.9483,1
AMB-T2-033,2025-12-05,0.5864,ALTO,15,0.0,0,1.0,1
AMB-T2-001,2025-10-17,0.5864,ALTO,19,0.0,0,1.0,1
AMB-T2-019,2025-10-24,0.5859,ALTO,5,0.0,0,1.0,1
AMB-T2-033,2025-09-12,0.5847,ALTO,2,0.0,0,1.0,1
AMB-T2-014,2025-05-16,0.5843,ALTO,14,3.4,0,0.9433,1
AMB-T2-030,2025-02-21,0.5841,ALTO,35,1.6,0,0.9733,1
AMB-T2-031,2025-11-14,0.5837,ALTO,14,0.0,0,1.0,1
AMB-T2-027,2025-05-09,0.5836,ALTO,19,0.0,1,1.0,1
AMB-T2-004,2025-05-30,0.5835,ALTO,1,0.0,0,1.0,1
AMB-T2-015,2025-06-13,0.5833,ALTO,3,0.0,0,1.0,1
AMB-T2-004,2025-12-05,0.5831,ALTO,27,0.0,0,1.0,1
AMB-T2-019,2025-12-12,0.5831,ALTO,11,0.0,0,1.0,1
AMB-T2-019,2025-02-28,0.583,ALTO,23,0.0,1,1.0,1
AMB-T2-021,2025-06-27,0.5828,ALTO,12,0.0,0,1.0,1
AMB-T2-001,2025-08-01,0.5825,ALTO,21,0.0,0,1.0,1
AMB-T2-021,2025-06-13,0.5825,ALTO,25,0.0,0,1.0,1
AMB-T2-001,2025-10-24,0.5824,ALTO,26,0.0,0,1.0,1
AMB-T2-004,2025-06-13,0.5823,ALTO,15,0.0,0,1.0,1
AMB-T2-008,2025-05-02,0.5816,ALTO,22,3.3,1,0.945,1
AMB-T2-030,2025-01-17,0.5813,ALTO,0,0.0,0,1.0,1
AMB-T2-027,2025-05-02,0.581,ALTO,12,0.0,1,1.0,1
AMB-T2-028,2025-04-04,0.5807,ALTO,13,0.0,0,1.0,1
AMB-T2-030,2025-07-25,0.5806,ALTO,6,1.8,0,0.97,1
AMB-T2-033,2025-02-14,0.5805,ALTO,2,0.0,0,1.0,1
AMB-T2-007,2025-06-13,0.5805,ALTO,26,3.1,0,0.9483,1
AMB-T2-013,2025-11-07,0.58,ALTO,22,0.0,0,1.0,1
AMB-T2-030,2025-02-14,0.5799,ALTO,28,1.6,0,0.9733,1
AMB-T2-001,2025-09-12,0.5799,ALTO,8,0.0,0,1.0,1
AMB-T2-001,2025-08-29,0.5794,ALTO,20,0.0,0,1.0,1
AMB-T2-033,2025-06-13,0.5793,ALTO,2,0.0,0,1.0,1
AMB-T2-013,2025-10-17,0.5792,ALTO,1,0.0,0,1.0,1
AMB-T2-026,2025-02-28,0.5788,ALTO,29,1.4,1,0.9767,1
AMB-T2-011,2025-06-27,0.5788,ALTO,5,0.0,0,1.0,1
AMB-T2-023,2025-11-21,0.5784,ALTO,13,0.0,0,1.0,1
AMB-T2-032,2025-09-19,0.5781,ALTO,19,0.0,0,1.0,1
AMB-T2-020,2025-04-11,0.5779,ALTO,15,0.0,0,1.0,1
AMB-T2-025,2025-10-03,0.5779,ALTO,16,0.0,0,1.0,1
AMB-T2-023,2025-11-28,0.5776,ALTO,20,0.0,0,1.0,1
AMB-T2-024,2025-12-05,0.5775,ALTO,8,0.0,0,1.0,1
AMB-T2-014,2025-06-06,0.5771,ALTO,14,0.0,0,1.0,1
AMB-T2-020,2025-11-07,0.5771,ALTO,6,0.0,0,1.0,1
AMB-T2-023,2025-10-10,0.5767,ALTO,4,0.0,0,1.0,1
AMB-T2-014,2025-03-28,0.5764,ALTO,11,3.4,0,0.9433,1
AMB-T2-022,2025-06-06,0.5763,ALTO,0,0.0,0,1.0,1
AMB-T2-002,2025-09-05,0.5762,ALTO,11,1.1,1,0.9817,1
AMB-T2-001,2025-08-22,0.5761,ALTO,13,0.0,0,1.0,1
AMB-T2-026,2025-02-14,0.576,ALTO,15,1.4,1,0.9767,1
AMB-T2-032,2025-08-01,0.576,ALTO,7,0.0,0,1.0,1
AMB-T2-001,2025-11-07,0.5758,ALTO,6,3.5,1,0.9417,1
AMB-T2-014,2025-07-11,0.5755,ALTO,15,3.8,0,0.9367,1
AMB-T2-014,2025-01-24,0.5755,ALTO,20,1.4,0,0.9767,1
AMB-T2-005,2025-04-25,0.5751,ALTO,1,1.0,0,0.9833,1
AMB-T2-027,2025-11-14,0.5748,ALTO,17,0.0,0,1.0,1
AMB-T2-032,2025-09-05,0.5747,ALTO,5,0.0,0,1.0,1
AMB-T2-026,2025-02-21,0.5746,ALTO,22,1.4,1,0.9767,1
AMB-T2-014,2025-01-03,0.5733,ALTO,25,1.4,0,0.9767,1
AMB-T2-004,2025-06-20,0.573,ALTO,22,0.0,0,1.0,1
AMB-T2-019,2025-02-21,0.5728,ALTO,16,0.0,1,1.0,1
AMB-T2-022,2025-09-26,0.5728,ALTO,8,0.0,0,1.0,1
AMB-T2-035,2025-05-09,0.5724,ALTO,1,4.2,1,0.93,1
AMB-T2-017,2025-09-12,0.5719,ALTO,28,3.1,0,0.9483,1
AMB-T2-002,2025-08-22,0.5718,ALTO,32,1.1,1,0.9817,1
AMB-T2-019,2025-08-15,0.5718,ALTO,34,2.1,0,0.965,1
AMB-T2-017,2025-05-23,0.5718,ALTO,16,1.4,0,0.9767,1
AMB-T2-024,2025-03-28,0.5715,ALTO,7,0.0,0,1.0,1
AMB-T2-024,2025-05-16,0.5713,ALTO,32,0.0,0,1.0,1
AMB-T2-009,2025-09-12,0.5712,ALTO,12,0.0,0,1.0,1
AMB-T2-014,2025-06-20,0.5711,ALTO,13,3.8,0,0.9367,1
AMB-T2-031,2025-01-10,0.5702,ALTO,0,0.0,0,1.0,1
AMB-T2-019,2025-02-14,0.5698,ALTO,9,0.0,1,1.0,1
AMB-T2-032,2025-07-25,0.5694,ALTO,0,0.0,0,1.0,1
AMB-T2-014,2025-02-14,0.5691,ALTO,14,1.4,0,0.9767,1
AMB-T2-028,2025-01-03,0.5686,ALTO,3,0.0,0,1.0,1
AMB-T2-030,2025-02-07,0.5684,ALTO,21,1.6,0,0.9733,1
AMB-T2-012,2025-11-28,0.5681,ALTO,3,2.5,1,0.9583,1
AMB-T2-028,2025-04-11,0.5678,ALTO,20,0.0,0,1.0,1
AMB-T2-016,2025-11-21,0.5675,ALTO,9,0.0,0,1.0,1
AMB-T2-027,2025-01-17,0.5675,ALTO,2,3.6,1,0.94,1
AMB-T2-014,2025-05-09,0.5674,ALTO,7,3.4,0,0.9433,1
AMB-T2-010,2025-11-28,0.567,ALTO,21,0.0,0,1.0,1
AMB-T2-020,2025-06-20,0.5669,ALTO,25,0.0,0,1.0,1
AMB-T2-014,2025-07-18,0.5668,ALTO,22,3.8,0,0.9367,1
AMB-T2-014,2025-04-04,0.5664,ALTO,18,3.4,0,0.9433,1
AMB-T2-013,2025-09-26,0.5664,ALTO,12,0.0,0,1.0,1
AMB-T2-020,2025-10-03,0.5662,ALTO,9,0.0,0,1.0,1
AMB-T2-031,2025-09-26,0.5659,ALTO,25,0.0,0,1.0,1
AMB-T2-013,2025-09-19,0.5656,ALTO,5,0.0,0,1.0,1
AMB-T2-026,2025-11-07,0.5653,ALTO,22,0.0,0,1.0,1
AMB-T2-014,2025-03-07,0.565,ALTO,14,0.0,0,1.0,1
AMB-T2-001,2025-09-05,0.5645,ALTO,1,0.0,0,1.0,1
AMB-T2-015,2025-09-12,0.5644,ALTO,0,0.0,0,1.0,1
AMB-T2-004,2025-06-27,0.5641,ALTO,2,0.0,0,1.0,1
AMB-T2-032,2025-06-27,0.5641,ALTO,5,0.0,0,1.0,1
AMB-T2-035,2025-01-10,0.5637,ALTO,0,1.4,0,0.9767,1
AMB-T2-026,2025-05-30,0.5637,ALTO,6,0.0,0,1.0,1
AMB-T2-003,2025-12-12,0.5635,ALTO,42,0.0,1,1.0,1
AMB-T2-028,2025-09-19,0.5635,ALTO,16,0.0,0,1.0,1
AMB-T2-027,2025-01-03,0.5631,ALTO,13,0.0,0,1.0,1
AMB-T2-016,2025-08-22,0.5629,ALTO,2,0.0,0,1.0,1
AMB-T2-010,2025-11-21,0.5628,ALTO,14,0.0,0,1.0,1
AMB-T2-031,2025-03-14,0.5627,ALTO,30,1.0,0,0.9833,1
AMB-T2-014,2025-12-12,0.5626,ALTO,11,0.0,0,1.0,1
AMB-T2-017,2025-05-30,0.5622,ALTO,23,1.4,0,0.9767,1
AMB-T2-003,2025-09-26,0.5617,ALTO,4,0.0,0,1.0,1
AMB-T2-002,2025-08-15,0.5617,ALTO,25,1.1,1,0.9817,1
AMB-T2-001,2025-09-19,0.5617,ALTO,15,0.0,0,1.0,1
AMB-T2-009,2025-09-19,0.5615,ALTO,19,0.0,0,1.0,1
AMB-T2-022,2025-09-19,0.5615,ALTO,1,0.0,0,1.0,1
AMB-T2-007,2025-08-22,0.5613,ALTO,24,0.0,0,1.0,1
AMB-T2-014,2025-07-25,0.5609,ALTO,3,3.8,0,0.9367,1
AMB-T2-028,2025-09-12,0.5609,ALTO,9,0.0,0,1.0,1
AMB-T2-014,2025-10-24,0.5603,ALTO,8,0.0,0,1.0,1
AMB-T2-013,2025-10-03,0.5603,ALTO,19,0.0,0,1.0,1
AMB-T2-014,2025-07-04,0.56,ALTO,8,3.8,0,0.9367,1
AMB-T2-023,2025-11-07,0.5598,ALTO,32,0.0,0,1.0,1
AMB-T2-009,2025-04-04,0.5596,ALTO,18,0.0,0,1.0,1
AMB-T2-019,2025-08-08,0.5595,ALTO,27,2.1,0,0.965,1
AMB-T2-027,2025-11-28,0.5594,ALTO,4,0.0,0,1.0,1
AMB-T2-023,2025-10-24,0.5593,ALTO,18,0.0,0,1.0,1
AMB-T2-015,2025-08-08,0.5588,ALTO,4,0.0,0,1.0,1
AMB-T2-010,2025-07-25,0.5587,ALTO,15,0.0,0,1.0,1
AMB-T2-020,2025-03-28,0.5585,ALTO,1,0.0,0,1.0,1
AMB-T2-031,2025-05-09,0.5584,ALTO,18,0.0,0,1.0,1
AMB-T2-031,2025-01-17,0.5582,ALTO,7,0.0,0,1.0,1
AMB-T2-023,2025-10-17,0.5581,ALTO,11,0.0,0,1.0,1
AMB-T2-014,2025-03-14,0.5568,ALTO,21,0.0,0,1.0,1
AMB-T2-031,2025-05-02,0.5567,ALTO,11,0.0,0,1.0,1
AMB-T2-020,2025-06-27,0.5559,ALTO,32,0.0,0,1.0,1
AMB-T2-024,2025-05-02,0.5555,ALTO,18,0.0,0,1.0,1
AMB-T2-028,2025-09-26,0.5552,ALTO,23,0.0,0,1.0,1
AMB-T2-019,2025-08-29,0.555,ALTO,12,0.0,0,1.0,1
AMB-T2-023,2025-10-03,0.5548,ALTO,12,0.0,0,1.0,1
AMB-T2-021,2025-12-12,0.5548,ALTO,13,0.0,0,1.0,1
AMB-T2-014,2025-04-11,0.5547,ALTO,25,3.4,0,0.9433,1
AMB-T2-024,2025-05-23,0.5546,ALTO,6,0.0,0,1.0,1
AMB-T2-032,2025-05-30,0.5542,ALTO,9,0.0,0,1.0,1
AMB-T2-020,2025-04-18,0.5541,ALTO,22,0.0,0,1.0,1
AMB-T2-013,2025-04-25,0.5538,ALTO,6,0.0,0,1.0,1
AMB-T2-032,2025-08-08,0.5538,ALTO,14,0.0,0,1.0,1
AMB-T2-032,2025-08-15,0.5536,ALTO,21,0.0,0,1.0,1
AMB-T2-026,2025-11-28,0.5534,ALTO,2,0.0,0,1.0,1
AMB-T2-020,2025-11-21,0.5532,ALTO,20,0.0,0,1.0,1
AMB-T2-032,2025-04-18,0.5531,ALTO,7,0.0,0,1.0,1
AMB-T2-010,2025-03-14,0.553,ALTO,14,0.0,0,1.0,1
AMB-T2-016,2025-11-28,0.5529,ALTO,16,0.0,0,1.0,1
AMB-T2-014,2025-01-17,0.5528,ALTO,13,1.4,0,0.9767,1
AMB-T2-025,2025-10-17,0.5527,ALTO,30,0.0,0,1.0,1
AMB-T2-009,2025-01-31,0.5522,ALTO,11,0.0,0,1.0,1
AMB-T2-014,2025-06-27,0.5512,ALTO,1,3.8,0,0.9367,1
AMB-T2-024,2025-05-09,0.5508,ALTO,25,0.0,0,1.0,1
AMB-T2-025,2025-10-10,0.5505,ALTO,23,0.0,0,1.0,1
AMB-T2-017,2025-09-05,0.5505,ALTO,21,3.1,0,0.9483,1
AMB-T2-020,2025-11-14,0.55,ALTO,13,0.0,0,1.0,1
AMB-T2-032,2025-07-18,0.5496,ALTO,26,0.0,0,1.0,1
AMB-T2-012,2025-10-31,0.5491,ALTO,5,0.0,0,1.0,1
AMB-T2-028,2025-05-09,0.5487,ALTO,3,0.0,0,1.0,1
AMB-T2-027,2025-11-21,0.5483,ALTO,24,0.0,0,1.0,1
AMB-T2-004,2025-01-10,0.5482,ALTO,6,0.0,0,1.0,1
AMB-T2-024,2025-08-29,0.5478,ALTO,27,0.0,0,1.0,1
AMB-T2-032,2025-07-11,0.5474,ALTO,19,0.0,0,1.0,1
AMB-T2-024,2025-12-12,0.547,ALTO,15,0.0,0,1.0,1
AMB-T2-004,2025-01-24,0.5467,ALTO,20,1.0,0,0.9833,1
AMB-T2-005,2025-11-14,0.5462,ALTO,9,1.9,1,0.9683,0
AMB-T2-015,2025-09-26,0.5458,ALTO,14,0.0,0,1.0,1
AMB-T2-013,2025-02-07,0.5458,ALTO,10,0.0,0,1.0,1
AMB-T2-009,2025-05-23,0.5455,ALTO,23,0.0,0,1.0,1
AMB-T2-009,2025-07-04,0.5454,ALTO,17,0.0,0,1.0,1
AMB-T2-010,2025-04-25,0.5454,ALTO,5,1.0,0,0.9833,1
AMB-T2-013,2025-02-21,0.5452,ALTO,24,0.0,0,1.0,1
AMB-T2-032,2025-10-24,0.5444,ALTO,20,0.0,1,1.0,1
AMB-T2-013,2025-02-14,0.544,ALTO,17,0.0,0,1.0,1
AMB-T2-026,2025-06-06,0.5439,ALTO,13,0.0,0,1.0,1
AMB-T2-026,2025-04-18,0.5439,ALTO,6,0.0,0,1.0,1
AMB-T2-024,2025-08-22,0.5433,ALTO,20,0.0,0,1.0,1
AMB-T2-015,2025-05-02,0.543,ALTO,16,0.0,0,1.0,1
AMB-T2-020,2025-10-10,0.5429,ALTO,16,0.0,0,1.0,1
AMB-T2-034,2025-09-05,0.5429,ALTO,9,0.0,0,1.0,1
AMB-T2-001,2025-09-26,0.5429,ALTO,22,0.0,0,1.0,1
AMB-T2-032,2025-01-10,0.5425,ALTO,5,0.0,0,1.0,1
AMB-T2-032,2025-07-04,0.5419,ALTO,12,0.0,0,1.0,1
AMB-T2-016,2025-06-20,0.5416,ALTO,11,0.0,0,1.0,1
AMB-T2-016,2025-06-27,0.5411,ALTO,18,0.0,0,1.0,1
AMB-T2-035,2025-03-21,0.5406,ALTO,7,4.2,1,0.93,1
AMB-T2-010,2025-11-07,0.5406,ALTO,0,0.0,0,1.0,1
AMB-T2-017,2025-05-09,0.5401,ALTO,2,0.0,0,1.0,1
AMB-T2-024,2025-08-15,0.5401,ALTO,13,0.0,0,1.0,1
AMB-T2-009,2025-01-03,0.5396,ALTO,13,0.0,0,1.0,1
AMB-T2-028,2025-08-15,0.5391,ALTO,17,0.0,0,1.0,1
AMB-T2-033,2025-03-28,0.5389,ALTO,0,0.0,0,1.0,1
AMB-T2-019,2025-03-07,0.5386,ALTO,30,0.0,1,1.0,1
AMB-T2-028,2025-12-05,0.5383,ALTO,13,0.0,0,1.0,1
AMB-T2-021,2025-06-20,0.5383,ALTO,5,0.0,0,1.0,1
AMB-T2-010,2025-11-14,0.538,ALTO,7,0.0,0,1.0,1
AMB-T2-028,2025-08-08,0.538,ALTO,10,0.0,0,1.0,1
AMB-T2-032,2025-04-11,0.5379,ALTO,0,0.0,0,1.0,1
AMB-T2-009,2025-04-18,0.5379,ALTO,8,0.0,0,1.0,1
AMB-T2-016,2025-09-19,0.5378,ALTO,30,0.0,0,1.0,1
AMB-T2-030,2025-10-03,0.5374,ALTO,29,0.0,0,1.0,1
AMB-T2-020,2025-10-17,0.5374,ALTO,23,0.0,0,1.0,1
AMB-T2-009,2025-09-05,0.5373,ALTO,5,0.0,0,1.0,1
AMB-T2-026,2025-08-08,0.5369,ALTO,0,1.5,0,0.975,1
AMB-T2-013,2025-07-11,0.5369,ALTO,11,0.0,0,1.0,1
AMB-T2-007,2025-08-15,0.5368,ALTO,17,0.0,0,1.0,1
AMB-T2-030,2025-02-28,0.5368,ALTO,42,1.6,0,0.9733,1
AMB-T2-016,2025-09-05,0.5365,ALTO,16,0.0,0,1.0,1
AMB-T2-017,2025-10-10,0.5363,ALTO,3,0.0,0,1.0,1
AMB-T2-032,2025-01-24,0.5362,ALTO,19,0.0,0,1.0,1
AMB-T2-019,2025-02-07,0.5361,ALTO,2,0.0,1,1.0,1
AMB-T2-026,2025-05-02,0.536,ALTO,20,0.0,0,1.0,1
AMB-T2-028,2025-01-10,0.5359,ALTO,10,0.0,0,1.0,1
AMB-T2-032,2025-10-17,0.5359,ALTO,13,0.0,1,1.0,1
AMB-T2-028,2025-01-24,0.5354,ALTO,24,0.0,0,1.0,1
AMB-T2-018,2025-03-07,0.5354,ALTO,28,0.0,0,1.0,1
AMB-T2-019,2025-05-16,0.5351,ALTO,14,0.0,0,1.0,1
AMB-T2-019,2025-08-22,0.5349,ALTO,5,0.0,0,1.0,1
AMB-T2-014,2025-02-07,0.5345,ALTO,7,1.4,0,0.9767,1
AMB-T2-027,2025-05-16,0.5345,ALTO,5,0.0,1,1.0,1
AMB-T2-009,2025-04-25,0.5344,ALTO,15,0.0,0,1.0,1
AMB-T2-032,2025-01-17,0.5342,ALTO,12,0.0,0,1.0,1
AMB-T2-028,2025-01-17,0.5342,ALTO,17,0.0,0,1.0,1
AMB-T2-009,2025-01-10,0.534,ALTO,20,0.0,0,1.0,1
AMB-T2-005,2025-11-21,0.5339,ALTO,16,1.9,1,0.9683,0
AMB-T2-018,2025-01-31,0.5337,ALTO,41,0.0,0,1.0,1
AMB-T2-034,2025-09-12,0.5331,ALTO,16,0.0,0,1.0,1
AMB-T2-033,2025-04-04,0.5331,ALTO,3,2.8,1,0.9533,1
AMB-T2-031,2025-09-05,0.5327,ALTO,4,0.0,0,1.0,1
AMB-T2-012,2025-05-09,0.5326,ALTO,19,0.0,0,1.0,1
AMB-T2-031,2025-11-07,0.5325,ALTO,7,0.0,0,1.0,1
AMB-T2-028,2025-12-12,0.5321,ALTO,20,0.0,0,1.0,1
AMB-T2-032,2025-05-23,0.5318,ALTO,2,0.0,0,1.0,1
AMB-T2-024,2025-03-07,0.5315,ALTO,8,0.0,0,1.0,1
AMB-T2-021,2025-01-10,0.5313,ALTO,17,0.0,0,1.0,1
AMB-T2-028,2025-09-05,0.5312,ALTO,2,0.0,0,1.0,1
AMB-T2-027,2025-06-20,0.5311,ALTO,24,0.0,0,1.0,1
AMB-T2-020,2025-03-07,0.5306,ALTO,16,0.0,0,1.0,1
AMB-T2-020,2025-11-28,0.5305,ALTO,27,0.0,0,1.0,1
AMB-T2-031,2025-04-25,0.5304,ALTO,4,0.0,0,1.0,1
AMB-T2-019,2025-05-09,0.5302,ALTO,7,0.0,0,1.0,1
AMB-T2-024,2025-04-18,0.5301,ALTO,4,0.0,0,1.0,1
AMB-T2-005,2025-06-27,0.5299,ALTO,2,0.0,0,1.0,1
AMB-T2-016,2025-09-12,0.5299,ALTO,23,0.0,0,1.0,1
AMB-T2-014,2025-03-21,0.5298,ALTO,4,0.0,0,1.0,1
AMB-T2-029,2025-08-08,0.5297,ALTO,39,18.7,0,0.6883,1
AMB-T2-007,2025-11-14,0.5297,ALTO,9,0.0,0,1.0,1
AMB-T2-019,2025-12-05,0.5296,ALTO,4,0.0,0,1.0,1
AMB-T2-010,2025-03-07,0.5293,ALTO,7,0.0,0,1.0,1
AMB-T2-024,2025-11-21,0.529,ALTO,28,1.0,0,0.9833,1
AMB-T2-026,2025-11-14,0.5285,ALTO,29,0.0,0,1.0,1
AMB-T2-032,2025-10-10,0.5284,ALTO,6,0.0,1,1.0,1
AMB-T2-026,2025-08-01,0.5279,ALTO,34,1.5,0,0.975,1
AMB-T2-002,2025-10-10,0.5278,ALTO,11,1.1,0,0.9817,1
AMB-T2-031,2025-02-14,0.5268,ALTO,2,0.0,0,1.0,1
AMB-T2-002,2025-01-31,0.5264,ALTO,14,0.0,0,1.0,1
AMB-T2-016,2025-03-28,0.5261,ALTO,4,0.0,0,1.0,1
AMB-T2-007,2025-02-21,0.526,ALTO,24,0.0,0,1.0,1
AMB-T2-018,2025-03-14,0.5259,ALTO,35,0.0,0,1.0,1
AMB-T2-014,2025-02-28,0.5247,ALTO,7,1.4,0,0.9767,1
AMB-T2-007,2025-08-08,0.5246,ALTO,10,0.0,0,1.0,1
AMB-T2-019,2025-03-28,0.5244,ALTO,10,0.0,0,1.0,1
AMB-T2-018,2025-12-12,0.5239,ALTO,3,13.0,0,0.7833,1
AMB-T2-027,2025-03-21,0.5236,ALTO,17,0.0,0,1.0,1
AMB-T2-014,2025-04-18,0.5234,ALTO,6,3.4,0,0.9433,1
AMB-T2-021,2025-01-03,0.5232,ALTO,10,0.0,0,1.0,1
AMB-T2-013,2025-07-18,0.523,ALTO,18,0.0,0,1.0,1
AMB-T2-013,2025-12-12,0.5212,ALTO,29,0.0,0,1.0,1
AMB-T2-018,2025-03-21,0.52,ALTO,42,0.0,0,1.0,1
AMB-T2-026,2025-04-25,0.5199,ALTO,13,0.0,0,1.0,1
AMB-T2-013,2025-05-30,0.5199,ALTO,5,0.0,0,1.0,1
AMB-T2-014,2025-12-05,0.5193,ALTO,4,0.0,0,1.0,1
AMB-T2-019,2025-05-02,0.5191,ALTO,0,0.0,0,1.0,1
AMB-T2-023,2025-01-24,0.5185,ALTO,15,0.0,0,1.0,1
AMB-T2-003,2025-07-11,0.5184,ALTO,9,1.8,0,0.97,1
AMB-T2-024,2025-04-04,0.5178,ALTO,14,0.0,0,1.0,1
AMB-T2-028,2025-02-21,0.5177,ALTO,9,0.0,0,1.0,1
AMB-T2-009,2025-05-16,0.5175,ALTO,16,0.0,0,1.0,1
AMB-T2-009,2025-11-07,0.5168,ALTO,12,0.0,0,1.0,1
AMB-T2-010,2025-07-18,0.5168,ALTO,8,0.0,0,1.0,1
AMB-T2-014,2025-05-30,0.5163,ALTO,7,0.0,0,1.0,1
AMB-T2-031,2025-01-24,0.5163,ALTO,14,0.0,0,1.0,1
AMB-T2-015,2025-10-10,0.5161,ALTO,28,0.0,0,1.0,1
AMB-T2-009,2025-01-17,0.516,ALTO,27,0.0,0,1.0,1
AMB-T2-020,2025-03-14,0.5159,ALTO,23,0.0,0,1.0,1
AMB-T2-017,2025-01-31,0.5151,ALTO,4,0.0,0,1.0,1
AMB-T2-024,2025-03-14,0.515,ALTO,15,0.0,0,1.0,1
AMB-T2-024,2025-08-01,0.5148,ALTO,22,0.0,0,1.0,1
AMB-T2-031,2025-04-18,0.5143,ALTO,32,0.0,0,1.0,1
AMB-T2-026,2025-07-04,0.5141,ALTO,6,0.0,0,1.0,1
AMB-T2-028,2025-04-18,0.5141,ALTO,27,0.0,0,1.0,1
AMB-T2-031,2025-04-04,0.5141,ALTO,18,1.0,0,0.9833,1
AMB-T2-007,2025-08-01,0.514,ALTO,3,0.0,0,1.0,1
AMB-T2-025,2025-07-11,0.514,ALTO,12,0.0,0,1.0,1
AMB-T2-007,2025-02-28,0.5139,ALTO,31,0.0,0,1.0,1
AMB-T2-024,2025-11-14,0.5139,ALTO,21,1.0,0,0.9833,1
AMB-T2-034,2025-05-16,0.5137,ALTO,8,2.8,1,0.9533,1
AMB-T2-028,2025-04-25,0.5126,ALTO,34,0.0,0,1.0,1
AMB-T2-031,2025-08-15,0.5126,ALTO,13,0.0,0,1.0,1
AMB-T2-013,2025-07-04,0.5124,ALTO,4,0.0,0,1.0,1
AMB-T2-028,2025-03-28,0.5124,ALTO,6,0.0,0,1.0,1
AMB-T2-019,2025-03-21,0.5118,ALTO,3,0.0,0,1.0,1
AMB-T2-032,2025-10-31,0.5109,ALTO,27,3.0,1,0.95,1
AMB-T2-028,2025-08-01,0.5099,ALTO,3,0.0,0,1.0,1
AMB-T2-024,2025-11-07,0.5096,ALTO,14,1.0,0,0.9833,1
AMB-T2-012,2025-05-02,0.5095,ALTO,12,0.0,0,1.0,1
AMB-T2-003,2025-09-12,0.5093,ALTO,28,0.0,0,1.0,1
AMB-T2-013,2025-04-11,0.509,ALTO,29,0.0,0,1.0,1
AMB-T2-028,2025-05-16,0.5088,ALTO,10,0.0,0,1.0,1
AMB-T2-021,2025-11-28,0.5085,ALTO,28,0.0,0,1.0,1
AMB-T2-031,2025-04-11,0.5078,ALTO,25,1.0,0,0.9833,1
AMB-T2-014,2025-01-10,0.5076,ALTO,6,1.4,0,0.9767,1
AMB-T2-002,2025-02-07,0.5074,ALTO,21,0.0,0,1.0,1
AMB-T2-003,2025-10-31,0.5074,ALTO,0,0.0,1,1.0,1
AMB-T2-002,2025-02-28,0.5072,ALTO,14,0.0,0,1.0,1
AMB-T2-012,2025-02-07,0.5072,ALTO,28,0.0,0,1.0,1
AMB-T2-031,2025-08-22,0.507,ALTO,20,0.0,0,1.0,1
AMB-T2-025,2025-07-18,0.5061,ALTO,19,0.0,0,1.0,1
AMB-T2-013,2025-12-05,0.5058,ALTO,22,0.0,0,1.0,1
AMB-T2-030,2025-01-24,0.5054,ALTO,7,0.0,0,1.0,1
AMB-T2-010,2025-10-17,0.5046,ALTO,17,0.0,0,1.0,1
AMB-T2-010,2025-10-10,0.5046,ALTO,10,0.0,0,1.0,1
AMB-T2-005,2025-07-04,0.5045,ALTO,9,0.0,0,1.0,1
AMB-T2-025,2025-06-27,0.5041,ALTO,22,0.0,0,1.0,1
AMB-T2-028,2025-02-28,0.5041,ALTO,16,0.0,0,1.0,1
AMB-T2-014,2025-05-23,0.504,ALTO,0,0.0,0,1.0,1
AMB-T2-019,2025-03-14,0.5035,ALTO,37,0.0,1,1.0,1
AMB-T2-026,2025-02-07,0.5034,ALTO,8,1.4,1,0.9767,1
AMB-T2-016,2025-11-07,0.5032,ALTO,37,0.0,0,1.0,1
AMB-T2-024,2025-04-25,0.5026,ALTO,11,0.0,0,1.0,1
AMB-T2-009,2025-11-14,0.5025,ALTO,19,0.0,0,1.0,1
AMB-T2-026,2025-06-27,0.5021,ALTO,34,0.0,0,1.0,1
AMB-T2-025,2025-06-20,0.5019,ALTO,15,0.0,0,1.0,1
AMB-T2-002,2025-10-31,0.5008,ALTO,1,0.0,0,1.0,1
AMB-T2-032,2025-05-09,0.5004,ALTO,28,0.0,0,1.0,1
AMB-T2-028,2025-02-14,0.5001,ALTO,2,0.0,0,1.0,1
AMB-T2-026,2025-06-20,0.4999,MEDIO,27,0.0,0,1.0,1
AMB-T2-004,2025-10-24,0.4992,MEDIO,14,0.0,0,1.0,1
AMB-T2-024,2025-04-11,0.4991,MEDIO,21,0.0,0,1.0,1
AMB-T2-025,2025-07-25,0.499,MEDIO,26,0.0,0,1.0,1
AMB-T2-019,2025-07-11,0.4989,MEDIO,34,2.1,0,0.965,1
AMB-T2-031,2025-03-28,0.4989,MEDIO,11,1.0,0,0.9833,1
AMB-T2-028,2025-07-04,0.4979,MEDIO,15,0.0,0,1.0,1
AMB-T2-032,2025-06-20,0.4977,MEDIO,30,0.0,0,1.0,1
AMB-T2-015,2025-01-03,0.4973,MEDIO,26,0.0,0,1.0,1
AMB-T2-017,2025-03-21,0.497,MEDIO,1,0.0,0,1.0,1
AMB-T2-034,2025-05-02,0.4961,MEDIO,22,0.0,0,1.0,1
AMB-T2-010,2025-07-11,0.4952,MEDIO,1,0.0,0,1.0,1
AMB-T2-032,2025-10-03,0.4949,MEDIO,2,0.0,1,1.0,1
AMB-T2-015,2025-11-28,0.4933,MEDIO,28,0.0,0,1.0,1
AMB-T2-028,2025-10-17,0.4931,MEDIO,0,0.0,0,1.0,1
AMB-T2-003,2025-08-22,0.4923,MEDIO,7,1.8,0,0.97,1
AMB-T2-010,2025-12-05,0.4922,MEDIO,28,0.0,0,1.0,1
AMB-T2-012,2025-11-21,0.4919,MEDIO,26,0.0,0,1.0,1
AMB-T2-032,2025-09-26,0.4918,MEDIO,26,0.0,0,1.0,1
AMB-T2-027,2025-03-14,0.4909,MEDIO,10,0.0,0,1.0,1
AMB-T2-013,2025-06-13,0.4907,MEDIO,19,0.0,0,1.0,1
AMB-T2-026,2025-09-19,0.4901,MEDIO,5,0.0,0,1.0,1
AMB-T2-010,2025-02-28,0.4896,MEDIO,0,0.0,0,1.0,1
AMB-T2-035,2025-03-07,0.4894,MEDIO,2,0.0,0,1.0,1
AMB-T2-007,2025-08-29,0.4893,MEDIO,31,0.0,0,1.0,1
AMB-T2-022,2025-04-04,0.489,MEDIO,28,0.0,0,1.0,1
AMB-T2-017,2025-10-17,0.489,MEDIO,10,0.0,0,1.0,1
AMB-T2-019,2025-01-24,0.489,MEDIO,5,0.0,1,1.0,1
AMB-T2-019,2025-07-04,0.4886,MEDIO,27,2.1,0,0.965,1
AMB-T2-027,2025-03-28,0.4883,MEDIO,0,0.0,0,1.0,1
AMB-T2-017,2025-11-07,0.488,MEDIO,31,0.0,0,1.0,1
AMB-T2-004,2025-11-07,0.4879,MEDIO,28,0.0,0,1.0,1
AMB-T2-035,2025-12-12,0.4873,MEDIO,2,0.0,0,1.0,1
AMB-T2-002,2025-09-12,0.4871,MEDIO,18,1.1,0,0.9817,1
AMB-T2-029,2025-04-25,0.4866,MEDIO,28,0.0,0,1.0,1
AMB-T2-007,2025-03-28,0.4865,MEDIO,24,0.0,0,1.0,1
AMB-T2-023,2025-01-17,0.4864,MEDIO,8,0.0,0,1.0,1
AMB-T2-026,2025-07-25,0.4862,MEDIO,27,1.5,0,0.975,1
AMB-T2-008,2025-01-24,0.4861,MEDIO,0,1.0,0,0.9833,1
AMB-T2-016,2025-07-25,0.486,MEDIO,2,0.0,0,1.0,1
AMB-T2-030,2025-10-31,0.4857,MEDIO,6,0.0,0,1.0,1
AMB-T2-034,2025-07-18,0.4854,MEDIO,2,0.0,0,1.0,1
AMB-T2-008,2025-06-06,0.4852,MEDIO,16,0.0,0,1.0,1
AMB-T2-011,2025-03-07,0.4851,MEDIO,3,0.0,0,1.0,1
AMB-T2-012,2025-11-14,0.4851,MEDIO,19,0.0,0,1.0,1
AMB-T2-032,2025-05-02,0.485,MEDIO,21,0.0,0,1.0,1
AMB-T2-005,2025-07-11,0.4849,MEDIO,16,0.0,0,1.0,1
AMB-T2-010,2025-10-03,0.4845,MEDIO,3,0.0,0,1.0,1
AMB-T2-028,2025-10-24,0.4845,MEDIO,7,0.0,0,1.0,1
AMB-T2-005,2025-07-18,0.4843,MEDIO,23,0.0,0,1.0,1
AMB-T2-007,2025-11-21,0.4838,MEDIO,16,0.0,0,1.0,1
AMB-T2-017,2025-07-25,0.4835,MEDIO,36,1.9,0,0.9683,1
AMB-T2-009,2025-02-07,0.4834,MEDIO,18,0.0,0,1.0,1
AMB-T2-020,2025-09-19,0.4833,MEDIO,30,0.0,0,1.0,1
AMB-T2-035,2025-05-23,0.4831,MEDIO,15,0.0,0,1.0,1
AMB-T2-019,2025-10-17,0.483,MEDIO,28,0.0,0,1.0,1
AMB-T2-013,2025-06-06,0.4827,MEDIO,12,0.0,0,1.0,1
AMB-T2-009,2025-06-20,0.4819,MEDIO,3,0.0,0,1.0,1
AMB-T2-027,2025-01-10,0.4817,MEDIO,2,3.6,1,0.94,1
AMB-T2-017,2025-06-13,0.4814,MEDIO,37,3.3,0,0.945,1
AMB-T2-009,2025-06-27,0.4812,MEDIO,10,0.0,0,1.0,1
AMB-T2-013,2025-09-12,0.481,MEDIO,36,3.7,1,0.9383,0
AMB-T2-029,2025-05-30,0.4808,MEDIO,11,0.0,0,1.0,1
AMB-T2-030,2025-04-11,0.4807,MEDIO,33,20.0,0,0.6667,1
AMB-T2-015,2025-10-03,0.4805,MEDIO,21,0.0,0,1.0,1
AMB-T2-002,2025-08-08,0.4803,MEDIO,18,0.0,1,1.0,1
AMB-T2-035,2025-05-16,0.4802,MEDIO,8,0.0,0,1.0,1
AMB-T2-032,2025-04-04,0.48,MEDIO,32,0.0,0,1.0,1
AMB-T2-010,2025-03-28,0.4792,MEDIO,28,0.0,0,1.0,1
AMB-T2-018,2025-05-30,0.4792,MEDIO,7,2.0,3,0.9667,1
AMB-T2-034,2025-08-29,0.4789,MEDIO,2,0.0,0,1.0,1
AMB-T2-035,2025-05-30,0.4789,MEDIO,22,0.0,0,1.0,1
AMB-T2-026,2025-06-13,0.4785,MEDIO,20,0.0,0,1.0,1
AMB-T2-015,2025-01-10,0.4784,MEDIO,33,0.0,0,1.0,1
AMB-T2-022,2025-05-23,0.4782,MEDIO,27,0.0,0,1.0,1
AMB-T2-019,2025-09-12,0.4776,MEDIO,26,0.0,0,1.0,1
AMB-T2-012,2025-12-05,0.4775,MEDIO,10,2.5,1,0.9583,1
AMB-T2-028,2025-06-20,0.4771,MEDIO,1,0.0,0,1.0,1
AMB-T2-019,2025-05-30,0.4765,MEDIO,28,0.0,0,1.0,1
AMB-T2-022,2025-02-21,0.4764,MEDIO,32,0.0,0,1.0,1
AMB-T2-007,2025-06-06,0.4763,MEDIO,19,3.1,0,0.9483,1
AMB-T2-008,2025-10-31,0.4761,MEDIO,23,1.9,1,0.9683,0
AMB-T2-024,2025-10-31,0.4759,MEDIO,7,1.0,0,0.9833,1
AMB-T2-008,2025-04-11,0.4756,MEDIO,1,3.3,1,0.945,1
AMB-T2-013,2025-10-31,0.4753,MEDIO,15,0.0,0,1.0,1
AMB-T2-030,2025-03-07,0.4751,MEDIO,49,1.6,0,0.9733,1
AMB-T2-032,2025-08-22,0.4741,MEDIO,28,0.0,0,1.0,1
AMB-T2-029,2025-06-20,0.4739,MEDIO,32,0.0,0,1.0,1
AMB-T2-014,2025-08-08,0.4736,MEDIO,17,3.8,0,0.9367,1
AMB-T2-031,2025-02-07,0.4735,MEDIO,28,0.0,0,1.0,1
AMB-T2-030,2025-11-28,0.4733,MEDIO,34,0.0,0,1.0,1
AMB-T2-022,2025-09-05,0.4732,MEDIO,35,0.0,0,1.0,1
AMB-T2-016,2025-10-03,0.473,MEDIO,2,0.0,0,1.0,1
AMB-T2-029,2025-07-18,0.4727,MEDIO,18,15.9,0,0.735,1
AMB-T2-015,2025-09-05,0.4727,MEDIO,32,0.0,0,1.0,1
AMB-T2-032,2025-01-03,0.4726,MEDIO,34,0.0,0,1.0,1
AMB-T2-002,2025-08-01,0.471,MEDIO,11,0.0,1,1.0,1
AMB-T2-022,2025-06-27,0.471,MEDIO,21,0.0,0,1.0,1
AMB-T2-030,2025-11-21,0.4708,MEDIO,27,0.0,0,1.0,1
AMB-T2-008,2025-01-03,0.4706,MEDIO,9,0.0,0,1.0,1
AMB-T2-031,2025-12-05,0.4703,MEDIO,35,0.0,0,1.0,1
AMB-T2-003,2025-09-05,0.4701,MEDIO,21,0.0,0,1.0,1
AMB-T2-023,2025-02-14,0.47,MEDIO,10,0.0,0,1.0,1
AMB-T2-013,2025-01-03,0.47,MEDIO,5,0.0,0,1.0,1
AMB-T2-029,2025-03-14,0.4696,MEDIO,33,0.0,0,1.0,1
AMB-T2-032,2025-06-13,0.4696,MEDIO,23,0.0,0,1.0,1
AMB-T2-009,2025-06-13,0.4693,MEDIO,20,0.0,0,1.0,1
AMB-T2-004,2025-11-28,0.4689,MEDIO,20,0.0,0,1.0,1
AMB-T2-008,2025-02-28,0.4685,MEDIO,1,1.0,0,0.9833,1
AMB-T2-009,2025-01-24,0.4685,MEDIO,4,0.0,0,1.0,1
AMB-T2-002,2025-02-21,0.4677,MEDIO,7,0.0,0,1.0,1
AMB-T2-029,2025-07-25,0.4673,MEDIO,25,15.9,0,0.735,1
AMB-T2-026,2025-03-14,0.4668,MEDIO,6,1.4,1,0.9767,1
AMB-T2-013,2025-02-28,0.4665,MEDIO,31,0.0,0,1.0,1
AMB-T2-026,2025-08-29,0.4664,MEDIO,21,1.5,0,0.975,1
AMB-T2-016,2025-12-12,0.4664,MEDIO,30,0.0,0,1.0,1
AMB-T2-016,2025-10-10,0.4662,MEDIO,9,0.0,0,1.0,1
AMB-T2-013,2025-04-04,0.4655,MEDIO,22,0.0,0,1.0,1
AMB-T2-001,2025-10-31,0.4645,MEDIO,3,0.0,0,1.0,1
AMB-T2-014,2025-05-02,0.4645,MEDIO,0,3.4,0,0.9433,1
AMB-T2-017,2025-10-24,0.4644,MEDIO,17,0.0,0,1.0,1
AMB-T2-021,2025-07-04,0.464,MEDIO,19,0.0,0,1.0,1
AMB-T2-020,2025-10-24,0.4636,MEDIO,30,0.0,0,1.0,1
AMB-T2-030,2025-04-18,0.4631,MEDIO,40,20.0,0,0.6667,1
AMB-T2-029,2025-06-27,0.463,MEDIO,39,15.9,0,0.735,1
AMB-T2-028,2025-03-14,0.4628,MEDIO,30,0.0,0,1.0,1
AMB-T2-008,2025-01-10,0.4625,MEDIO,16,0.0,0,1.0,1
AMB-T2-029,2025-06-06,0.4624,MEDIO,18,0.0,0,1.0,1
AMB-T2-022,2025-10-03,0.4622,MEDIO,15,0.0,0,1.0,1
AMB-T2-032,2025-05-16,0.461,MEDIO,35,0.0,0,1.0,1
AMB-T2-018,2025-07-11,0.4602,MEDIO,10,0.0,2,1.0,1
AMB-T2-029,2025-06-13,0.4601,MEDIO,25,0.0,0,1.0,1
AMB-T2-029,2025-05-02,0.4601,MEDIO,35,0.0,0,1.0,1
AMB-T2-019,2025-11-21,0.46,MEDIO,33,0.0,0,1.0,1
AMB-T2-031,2025-05-23,0.4595,MEDIO,32,0.0,0,1.0,1
AMB-T2-020,2025-07-18,0.4591,MEDIO,8,0.0,0,1.0,1
AMB-T2-033,2025-02-28,0.4591,MEDIO,16,0.0,0,1.0,1
AMB-T2-022,2025-05-09,0.4585,MEDIO,13,0.0,0,1.0,1
AMB-T2-034,2025-05-30,0.4584,MEDIO,6,2.8,1,0.9533,1
AMB-T2-029,2025-04-11,0.4582,MEDIO,14,0.0,0,1.0,1
AMB-T2-022,2025-05-16,0.4582,MEDIO,20,0.0,0,1.0,1
AMB-T2-023,2025-12-12,0.458,MEDIO,34,0.0,0,1.0,1
AMB-T2-016,2025-06-13,0.4575,MEDIO,4,0.0,0,1.0,1
AMB-T2-023,2025-10-31,0.4568,MEDIO,25,0.0,0,1.0,1
AMB-T2-029,2025-03-07,0.456,MEDIO,26,0.0,0,1.0,1
AMB-T2-015,2025-11-21,0.4559,MEDIO,21,0.0,0,1.0,1
AMB-T2-004,2025-11-21,0.4558,MEDIO,13,0.0,0,1.0,1
AMB-T2-014,2025-02-21,0.4557,MEDIO,0,1.4,0,0.9767,1
AMB-T2-021,2025-07-11,0.4556,MEDIO,26,0.0,0,1.0,1
AMB-T2-029,2025-04-18,0.4552,MEDIO,21,0.0,0,1.0,1
AMB-T2-030,2025-10-10,0.4551,MEDIO,36,0.0,0,1.0,1
AMB-T2-015,2025-11-14,0.4545,MEDIO,14,0.0,0,1.0,1
AMB-T2-013,2025-01-10,0.4544,MEDIO,12,0.0,0,1.0,1
AMB-T2-023,2025-12-05,0.4542,MEDIO,27,0.0,0,1.0,1
AMB-T2-028,2025-03-07,0.4539,MEDIO,23,0.0,0,1.0,1
AMB-T2-012,2025-04-25,0.453,MEDIO,5,0.0,0,1.0,1
AMB-T2-028,2025-06-27,0.4523,MEDIO,8,0.0,0,1.0,1
AMB-T2-015,2025-10-17,0.4522,MEDIO,35,0.0,0,1.0,1
AMB-T2-010,2025-03-21,0.4522,MEDIO,21,0.0,0,1.0,1
AMB-T2-019,2025-05-23,0.4519,MEDIO,21,0.0,0,1.0,1
AMB-T2-024,2025-06-27,0.4518,MEDIO,13,1.0,0,0.9833,1
AMB-T2-002,2025-02-14,0.4518,MEDIO,0,0.0,0,1.0,1
AMB-T2-013,2025-10-10,0.4518,MEDIO,26,0.0,0,1.0,1
AMB-T2-001,2025-12-05,0.4508,MEDIO,14,3.5,1,0.9417,1
AMB-T2-016,2025-05-09,0.4505,MEDIO,10,0.0,0,1.0,1
AMB-T2-022,2025-05-30,0.4504,MEDIO,34,0.0,0,1.0,1
AMB-T2-026,2025-11-21,0.4502,MEDIO,36,0.0,0,1.0,1
AMB-T2-030,2025-11-07,0.4501,MEDIO,13,0.0,0,1.0,1
AMB-T2-010,2025-12-12,0.45,MEDIO,35,0.0,0,1.0,1
AMB-T2-022,2025-03-28,0.45,MEDIO,21,0.0,0,1.0,1
AMB-T2-004,2025-01-03,0.4497,MEDIO,34,0.0,0,1.0,1
AMB-T2-022,2025-03-21,0.4486,MEDIO,14,0.0,0,1.0,1
AMB-T2-020,2025-12-05,0.4486,MEDIO,34,0.0,0,1.0,1
AMB-T2-022,2025-01-24,0.4485,MEDIO,4,1.0,0,0.9833,1
AMB-T2-015,2025-12-05,0.4483,MEDIO,35,0.0,0,1.0,1
AMB-T2-030,2025-04-25,0.4481,MEDIO,0,25.1,1,0.5817,1
AMB-T2-016,2025-05-16,0.4478,MEDIO,17,0.0,0,1.0,1
AMB-T2-021,2025-10-10,0.4478,MEDIO,12,1.2,0,0.98,1
AMB-T2-026,2025-09-26,0.4472,MEDIO,12,0.0,0,1.0,1
AMB-T2-001,2025-12-12,0.447,MEDIO,21,3.5,1,0.9417,1
AMB-T2-002,2025-05-02,0.4468,MEDIO,16,0.0,0,1.0,1
AMB-T2-031,2025-01-31,0.4465,MEDIO,21,0.0,0,1.0,1
AMB-T2-031,2025-03-07,0.4461,MEDIO,23,1.0,0,0.9833,1
AMB-T2-030,2025-11-14,0.4454,MEDIO,20,0.0,0,1.0,1
AMB-T2-016,2025-12-05,0.4453,MEDIO,23,0.0,0,1.0,1
AMB-T2-012,2025-01-24,0.4449,MEDIO,14,0.0,0,1.0,1
AMB-T2-006,2025-12-05,0.4442,MEDIO,5,0.0,0,1.0,1
AMB-T2-002,2025-08-29,0.4441,MEDIO,4,1.1,1,0.9817,1
AMB-T2-014,2025-11-07,0.4441,MEDIO,0,0.0,0,1.0,1
AMB-T2-015,2025-08-15,0.4439,MEDIO,11,0.0,0,1.0,1
AMB-T2-035,2025-03-14,0.4436,MEDIO,0,4.2,1,0.93,1
AMB-T2-010,2025-08-29,0.4431,MEDIO,10,0.0,0,1.0,1
AMB-T2-029,2025-10-10,0.4427,MEDIO,14,0.0,0,1.0,1
AMB-T2-016,2025-10-17,0.4427,MEDIO,16,0.0,0,1.0,1
AMB-T2-004,2025-07-25,0.4423,MEDIO,30,4.0,0,0.9333,1
AMB-T2-004,2025-11-14,0.4421,MEDIO,6,0.0,0,1.0,1
AMB-T2-024,2025-02-28,0.442,MEDIO,1,0.0,0,1.0,1
AMB-T2-006,2025-04-18,0.4419,MEDIO,38,3.1,0,0.9483,1
AMB-T2-022,2025-08-01,0.4417,MEDIO,0,0.0,0,1.0,1
AMB-T2-015,2025-10-31,0.4416,MEDIO,0,0.0,0,1.0,1
AMB-T2-013,2025-09-05,0.4409,MEDIO,29,3.7,1,0.9383,0
AMB-T2-022,2025-09-12,0.4406,MEDIO,42,0.0,0,1.0,1
AMB-T2-016,2025-01-31,0.4401,MEDIO,3,1.2,1,0.98,0
AMB-T2-002,2025-10-03,0.4399,MEDIO,4,1.1,0,0.9817,1
AMB-T2-014,2025-08-01,0.4395,MEDIO,10,3.8,0,0.9367,1
AMB-T2-013,2025-01-31,0.4388,MEDIO,3,0.0,0,1.0,1
AMB-T2-034,2025-07-25,0.4388,MEDIO,9,0.0,0,1.0,1
AMB-T2-027,2025-07-04,0.4387,MEDIO,9,0.0,0,1.0,1
AMB-T2-014,2025-11-21,0.4385,MEDIO,14,0.0,0,1.0,1
AMB-T2-032,2025-08-29,0.4383,MEDIO,35,0.0,0,1.0,1
AMB-T2-031,2025-02-21,0.4378,MEDIO,9,1.0,0,0.9833,1
AMB-T2-030,2025-10-17,0.4376,MEDIO,43,0.0,0,1.0,1
AMB-T2-016,2025-05-02,0.4369,MEDIO,3,0.0,0,1.0,1
AMB-T2-031,2025-05-16,0.4368,MEDIO,25,0.0,0,1.0,1
AMB-T2-015,2025-08-29,0.4363,MEDIO,25,0.0,0,1.0,1
AMB-T2-003,2025-05-09,0.4362,MEDIO,29,0.0,0,1.0,1
AMB-T2-031,2025-02-28,0.436,MEDIO,16,1.0,0,0.9833,1
AMB-T2-024,2025-06-20,0.4357,MEDIO,6,1.0,0,0.9833,1
AMB-T2-009,2025-03-14,0.4354,MEDIO,28,0.0,0,1.0,1
AMB-T2-013,2025-06-20,0.4349,MEDIO,26,0.0,0,1.0,1
AMB-T2-023,2025-05-09,0.4346,MEDIO,17,0.0,0,1.0,1
AMB-T2-034,2025-08-15,0.4343,MEDIO,30,0.0,0,1.0,1
AMB-T2-014,2025-11-14,0.4341,MEDIO,7,0.0,0,1.0,1
AMB-T2-014,2025-11-28,0.434,MEDIO,21,0.0,0,1.0,1
AMB-T2-001,2025-05-09,0.4336,MEDIO,29,0.0,0,1.0,1
AMB-T2-011,2025-08-15,0.4334,MEDIO,10,0.0,0,1.0,1
AMB-T2-012,2025-02-14,0.4332,MEDIO,35,0.0,0,1.0,1
AMB-T2-020,2025-07-11,0.433,MEDIO,1,0.0,0,1.0,1
AMB-T2-021,2025-09-26,0.4329,MEDIO,34,2.2,0,0.9633,1
AMB-T2-031,2025-03-21,0.4329,MEDIO,4,1.0,0,0.9833,1
AMB-T2-026,2025-05-09,0.4327,MEDIO,27,0.0,0,1.0,1
AMB-T2-007,2025-12-12,0.4319,MEDIO,37,18.0,0,0.7,1
AMB-T2-010,2025-09-05,0.4318,MEDIO,17,0.0,0,1.0,1
AMB-T2-011,2025-06-13,0.4317,MEDIO,41,0.0,0,1.0,1
AMB-T2-013,2025-08-22,0.4307,MEDIO,15,3.7,1,0.9383,0
AMB-T2-020,2025-09-12,0.4306,MEDIO,23,0.0,0,1.0,1
AMB-T2-035,2025-12-05,0.4305,MEDIO,19,0.0,0,1.0,1
AMB-T2-013,2025-08-01,0.4303,MEDIO,12,3.7,1,0.9383,0
AMB-T2-003,2025-09-19,0.4297,MEDIO,35,0.0,0,1.0,1
AMB-T2-023,2025-05-02,0.4295,MEDIO,10,0.0,0,1.0,1
AMB-T2-010,2025-08-22,0.4294,MEDIO,3,0.0,0,1.0,1
AMB-T2-025,2025-10-24,0.4292,MEDIO,3,1.0,0,0.9833,1
AMB-T2-002,2025-05-09,0.4281,MEDIO,23,0.0,0,1.0,1
AMB-T2-027,2025-08-01,0.4279,MEDIO,8,0.0,1,1.0,1
AMB-T2-003,2025-07-18,0.4277,MEDIO,16,1.8,0,0.97,1
AMB-T2-021,2025-10-31,0.4276,MEDIO,0,0.0,0,1.0,1
AMB-T2-006,2025-06-20,0.4274,MEDIO,2,0.0,0,1.0,1
AMB-T2-019,2025-06-06,0.4272,MEDIO,35,0.0,0,1.0,1
AMB-T2-026,2025-05-16,0.4268,MEDIO,34,0.0,0,1.0,1
AMB-T2-013,2025-04-18,0.4265,MEDIO,36,0.0,0,1.0,1
AMB-T2-021,2025-09-19,0.4261,MEDIO,27,2.2,0,0.9633,1
AMB-T2-017,2025-07-18,0.426,MEDIO,29,1.9,0,0.9683,1
AMB-T2-018,2025-07-04,0.4257,MEDIO,3,2.0,3,0.9667,1
AMB-T2-025,2025-01-31,0.4248,MEDIO,5,0.0,0,1.0,1
AMB-T2-013,2025-08-29,0.4248,MEDIO,22,3.7,1,0.9383,0
AMB-T2-016,2025-02-07,0.4246,MEDIO,10,1.2,1,0.98,0
AMB-T2-020,2025-08-29,0.4242,MEDIO,9,0.0,0,1.0,1
AMB-T2-015,2025-08-22,0.4236,MEDIO,18,0.0,0,1.0,1
AMB-T2-007,2025-03-21,0.4227,MEDIO,17,0.0,0,1.0,1
AMB-T2-007,2025-03-14,0.4222,MEDIO,10,0.0,0,1.0,1
AMB-T2-026,2025-09-05,0.421,MEDIO,28,1.5,0,0.975,1
AMB-T2-002,2025-03-14,0.4209,MEDIO,28,0.0,0,1.0,1
AMB-T2-031,2025-01-03,0.4208,MEDIO,31,0.0,0,1.0,1
AMB-T2-018,2025-02-07,0.4197,MEDIO,0,0.0,0,1.0,1
AMB-T2-012,2025-01-03,0.4192,MEDIO,39,0.0,0,1.0,1
AMB-T2-021,2025-08-01,0.4191,MEDIO,11,1.0,0,0.9833,1
AMB-T2-020,2025-01-31,0.419,MEDIO,17,0.0,1,1.0,1
AMB-T2-024,2025-02-14,0.4183,MEDIO,16,0.0,0,1.0,1
AMB-T2-024,2025-02-07,0.418,MEDIO,9,0.0,0,1.0,1
AMB-T2-026,2025-04-04,0.4178,MEDIO,27,0.0,0,1.0,1
AMB-T2-017,2025-07-11,0.4174,MEDIO,22,1.9,0,0.9683,1
AMB-T2-006,2025-10-31,0.4172,MEDIO,13,0.0,0,1.0,1
AMB-T2-034,2025-08-08,0.417,MEDIO,23,0.0,0,1.0,1
AMB-T2-008,2025-08-01,0.4163,MEDIO,0,0.0,0,1.0,1
AMB-T2-033,2025-08-08,0.4162,MEDIO,26,0.0,0,1.0,1
AMB-T2-023,2025-04-18,0.4162,MEDIO,17,0.0,0,1.0,1
AMB-T2-026,2025-10-17,0.4157,MEDIO,1,0.0,0,1.0,1
AMB-T2-035,2025-02-07,0.4156,MEDIO,10,1.4,0,0.9767,1
AMB-T2-002,2025-10-17,0.4148,MEDIO,18,0.0,0,1.0,1
AMB-T2-008,2025-08-29,0.4148,MEDIO,0,4.3,1,0.9283,1
AMB-T2-030,2025-05-09,0.4145,MEDIO,14,25.1,1,0.5817,1
AMB-T2-006,2025-04-25,0.4144,MEDIO,45,3.1,0,0.9483,1
AMB-T2-002,2025-04-18,0.4144,MEDIO,2,0.0,0,1.0,1
AMB-T2-034,2025-08-01,0.4143,MEDIO,16,0.0,0,1.0,1
AMB-T2-009,2025-09-26,0.4142,MEDIO,1,0.0,0,1.0,1
AMB-T2-009,2025-05-09,0.4141,MEDIO,9,0.0,0,1.0,1
AMB-T2-003,2025-07-25,0.4141,MEDIO,23,1.8,0,0.97,1
AMB-T2-008,2025-03-14,0.414,MEDIO,5,4.3,1,0.9283,1
AMB-T2-018,2025-07-18,0.4138,MEDIO,17,0.0,1,1.0,1
AMB-T2-018,2025-10-31,0.4137,MEDIO,10,0.0,0,1.0,1
AMB-T2-006,2025-11-14,0.4136,MEDIO,27,0.0,0,1.0,1
AMB-T2-027,2025-06-06,0.4136,MEDIO,10,0.0,1,1.0,1
AMB-T2-012,2025-09-26,0.4135,MEDIO,17,13.9,0,0.7683,1
AMB-T2-024,2025-10-10,0.4134,MEDIO,15,1.0,0,0.9833,1
AMB-T2-028,2025-03-21,0.4133,MEDIO,37,0.0,0,1.0,1
AMB-T2-013,2025-06-27,0.4132,MEDIO,33,0.0,0,1.0,1
AMB-T2-029,2025-05-09,0.413,MEDIO,42,0.0,0,1.0,1
AMB-T2-028,2025-05-23,0.4128,MEDIO,17,0.0,0,1.0,1
AMB-T2-032,2025-12-05,0.4127,MEDIO,26,3.0,0,0.95,1
AMB-T2-020,2025-01-10,0.4126,MEDIO,5,1.4,1,0.9767,1
AMB-T2-010,2025-10-31,0.4126,MEDIO,31,0.0,0,1.0,1
AMB-T2-032,2025-12-12,0.4125,MEDIO,33,3.0,0,0.95,1
AMB-T2-023,2025-07-25,0.4124,MEDIO,7,2.4,1,0.96,1
AMB-T2-006,2025-04-11,0.4124,MEDIO,31,2.1,0,0.965,1
AMB-T2-026,2025-04-11,0.4122,MEDIO,34,0.0,0,1.0,1
AMB-T2-018,2025-02-14,0.412,MEDIO,7,0.0,0,1.0,1
AMB-T2-028,2025-05-30,0.4118,MEDIO,24,0.0,0,1.0,1
AMB-T2-008,2025-12-05,0.4115,MEDIO,16,0.0,0,1.0,1
AMB-T2-023,2025-04-04,0.4109,MEDIO,3,0.0,0,1.0,1
AMB-T2-009,2025-05-02,0.4109,MEDIO,2,0.0,0,1.0,1
AMB-T2-002,2025-04-25,0.4108,MEDIO,9,0.0,0,1.0,1
AMB-T2-022,2025-04-11,0.4107,MEDIO,35,0.0,0,1.0,1
AMB-T2-019,2025-10-31,0.4106,MEDIO,12,0.0,0,1.0,1
AMB-T2-034,2025-04-11,0.4103,MEDIO,1,0.0,0,1.0,1
AMB-T2-004,2025-12-12,0.41,MEDIO,34,0.0,0,1.0,1
AMB-T2-009,2025-05-30,0.4096,MEDIO,6,0.0,0,1.0,1
AMB-T2-021,2025-08-08,0.4093,MEDIO,18,1.0,0,0.9833,1
AMB-T2-026,2025-10-24,0.4091,MEDIO,8,0.0,0,1.0,1
AMB-T2-013,2025-05-16,0.4089,MEDIO,27,0.0,0,1.0,1
AMB-T2-024,2025-02-21,0.4086,MEDIO,23,0.0,0,1.0,1
AMB-T2-030,2025-05-02,0.4086,MEDIO,7,25.1,1,0.5817,1
AMB-T2-014,2025-01-31,0.4085,MEDIO,0,1.4,0,0.9767,1
AMB-T2-024,2025-10-17,0.4085,MEDIO,22,1.0,0,0.9833,1
AMB-T2-003,2025-10-24,0.4083,MEDIO,7,0.0,1,1.0,1
AMB-T2-005,2025-02-28,0.4081,MEDIO,8,0.0,0,1.0,1
AMB-T2-025,2025-10-31,0.4081,MEDIO,10,1.0,0,0.9833,1
AMB-T2-027,2025-08-08,0.4077,MEDIO,15,0.0,1,1.0,1
AMB-T2-027,2025-08-29,0.4077,MEDIO,14,0.0,1,1.0,1
AMB-T2-006,2025-11-21,0.4073,MEDIO,34,0.0,0,1.0,1
AMB-T2-009,2025-02-21,0.4069,MEDIO,7,0.0,0,1.0,1
AMB-T2-024,2025-10-03,0.4068,MEDIO,8,1.0,0,0.9833,1
AMB-T2-023,2025-04-11,0.4066,MEDIO,10,0.0,0,1.0,1
AMB-T2-008,2025-08-15,0.4066,MEDIO,14,0.0,0,1.0,1
AMB-T2-029,2025-09-19,0.4065,MEDIO,38,2.8,0,0.9533,1
AMB-T2-015,2025-10-24,0.4058,MEDIO,42,0.0,0,1.0,1
AMB-T2-018,2025-04-04,0.4058,MEDIO,7,0.0,0,1.0,1
AMB-T2-016,2025-07-11,0.4054,MEDIO,32,0.0,0,1.0,1
AMB-T2-015,2025-01-31,0.4053,MEDIO,14,0.0,0,1.0,1
AMB-T2-020,2025-10-31,0.4053,MEDIO,37,0.0,0,1.0,1
AMB-T2-034,2025-01-24,0.4048,MEDIO,5,0.0,0,1.0,1
AMB-T2-015,2025-02-14,0.4042,MEDIO,28,0.0,0,1.0,1
AMB-T2-002,2025-03-28,0.4032,MEDIO,13,0.0,0,1.0,1
AMB-T2-005,2025-12-05,0.4031,MEDIO,11,1.9,1,0.9683,0
AMB-T2-034,2025-04-25,0.4031,MEDIO,15,0.0,0,1.0,1
AMB-T2-002,2025-07-25,0.4023,MEDIO,4,0.0,1,1.0,1
AMB-T2-017,2025-08-22,0.4023,MEDIO,7,3.1,0,0.9483,1
AMB-T2-021,2025-09-12,0.4023,MEDIO,20,2.2,0,0.9633,1
AMB-T2-029,2025-07-04,0.402,MEDIO,4,15.9,0,0.735,1
AMB-T2-027,2025-06-13,0.4018,MEDIO,17,0.0,0,1.0,1
AMB-T2-017,2025-08-29,0.4016,MEDIO,14,3.1,0,0.9483,1
AMB-T2-008,2025-11-21,0.4015,MEDIO,2,0.0,0,1.0,1
AMB-T2-024,2025-07-25,0.4014,MEDIO,15,1.0,0,0.9833,1
AMB-T2-006,2025-03-14,0.4013,MEDIO,3,1.0,0,0.9833,1
AMB-T2-028,2025-07-18,0.4009,MEDIO,29,0.0,0,1.0,1
AMB-T2-008,2025-11-28,0.4009,MEDIO,9,0.0,0,1.0,1
AMB-T2-035,2025-02-14,0.4008,MEDIO,17,1.4,0,0.9767,1
AMB-T2-002,2025-03-21,0.4008,MEDIO,6,0.0,0,1.0,1
AMB-T2-021,2025-10-03,0.4007,MEDIO,5,1.2,0,0.98,1
AMB-T2-003,2025-11-28,0.4005,MEDIO,28,0.0,1,1.0,1
AMB-T2-007,2025-04-04,0.4005,MEDIO,31,0.0,0,1.0,1
AMB-T2-008,2025-08-08,0.4004,MEDIO,7,0.0,0,1.0,1
AMB-T2-008,2025-08-22,0.4002,MEDIO,21,0.0,0,1.0,1
AMB-T2-006,2025-11-07,0.3998,MEDIO,20,0.0,0,1.0,1
AMB-T2-030,2025-04-04,0.3994,MEDIO,26,21.6,0,0.64,1
AMB-T2-012,2025-06-20,0.3991,MEDIO,11,0.0,0,1.0,1
AMB-T2-008,2025-07-18,0.399,MEDIO,19,0.0,0,1.0,1
AMB-T2-019,2025-04-04,0.3987,MEDIO,17,0.0,0,1.0,1
AMB-T2-010,2025-01-24,0.3983,MEDIO,8,2.1,1,0.965,1
AMB-T2-008,2025-07-11,0.3978,MEDIO,12,0.0,0,1.0,1
AMB-T2-024,2025-07-04,0.3976,MEDIO,20,1.0,0,0.9833,1
AMB-T2-030,2025-03-28,0.397,MEDIO,19,21.6,0,0.64,1
AMB-T2-002,2025-03-07,0.397,MEDIO,21,0.0,0,1.0,1
AMB-T2-030,2025-03-21,0.3969,MEDIO,12,21.6,0,0.64,1
AMB-T2-001,2025-07-04,0.3965,MEDIO,24,0.0,0,1.0,1
AMB-T2-022,2025-02-28,0.3963,MEDIO,39,0.0,0,1.0,1
AMB-T2-025,2025-12-05,0.3962,MEDIO,19,1.0,0,0.9833,1
AMB-T2-013,2025-08-15,0.3962,MEDIO,8,3.7,1,0.9383,0
AMB-T2-025,2025-07-04,0.3955,MEDIO,5,0.0,0,1.0,1
AMB-T2-002,2025-04-04,0.3954,MEDIO,20,0.0,0,1.0,1
AMB-T2-034,2025-04-18,0.395,MEDIO,8,0.0,0,1.0,1
AMB-T2-005,2025-11-07,0.3948,MEDIO,2,1.9,1,0.9683,0
AMB-T2-004,2025-02-14,0.3947,MEDIO,9,1.0,0,0.9833,1
AMB-T2-029,2025-03-21,0.3947,MEDIO,40,0.0,0,1.0,1
AMB-T2-006,2025-05-09,0.3945,MEDIO,10,3.1,0,0.9483,1
AMB-T2-017,2025-04-18,0.3944,MEDIO,29,0.0,0,1.0,1
AMB-T2-006,2025-10-24,0.3941,MEDIO,6,0.0,0,1.0,1
AMB-T2-013,2025-03-07,0.3939,MEDIO,38,0.0,0,1.0,1
AMB-T2-034,2025-08-22,0.3939,MEDIO,37,0.0,0,1.0,1
AMB-T2-003,2025-05-16,0.3938,MEDIO,36,0.0,0,1.0,1
AMB-T2-026,2025-10-03,0.3933,MEDIO,19,0.0,0,1.0,1
AMB-T2-002,2025-04-11,0.3932,MEDIO,27,0.0,0,1.0,1
AMB-T2-024,2025-07-18,0.3926,MEDIO,8,1.0,0,0.9833,1
AMB-T2-016,2025-02-14,0.3925,MEDIO,17,1.2,1,0.98,0
AMB-T2-028,2025-01-31,0.3924,MEDIO,31,0.0,0,1.0,1
AMB-T2-016,2025-07-04,0.3922,MEDIO,25,0.0,0,1.0,1
AMB-T2-029,2025-07-11,0.3915,MEDIO,11,15.9,0,0.735,1
AMB-T2-024,2025-08-08,0.3909,MEDIO,6,0.0,0,1.0,1
AMB-T2-016,2025-02-21,0.3909,MEDIO,24,1.2,1,0.98,0
AMB-T2-021,2025-07-25,0.3904,MEDIO,4,0.0,0,1.0,1
AMB-T2-018,2025-05-23,0.3901,MEDIO,0,2.0,3,0.9667,1
AMB-T2-017,2025-11-14,0.39,MEDIO,38,0.0,0,1.0,1
AMB-T2-022,2025-01-10,0.3892,MEDIO,38,1.0,0,0.9833,1
AMB-T2-011,2025-06-20,0.3888,MEDIO,48,0.0,0,1.0,1
AMB-T2-021,2025-09-05,0.3882,MEDIO,13,2.2,0,0.9633,1
AMB-T2-029,2025-12-12,0.3876,MEDIO,41,0.0,0,1.0,1
AMB-T2-013,2025-05-23,0.3871,MEDIO,34,0.0,0,1.0,1
AMB-T2-017,2025-04-04,0.3871,MEDIO,15,0.0,0,1.0,1
AMB-T2-035,2025-01-31,0.387,MEDIO,3,1.4,0,0.9767,1
AMB-T2-018,2025-04-25,0.387,MEDIO,28,0.0,0,1.0,1
AMB-T2-032,2025-01-31,0.3867,MEDIO,26,0.0,0,1.0,1
AMB-T2-030,2025-01-31,0.3865,MEDIO,14,0.0,0,1.0,1
AMB-T2-020,2025-02-14,0.3864,MEDIO,31,0.0,1,1.0,1
AMB-T2-028,2025-11-28,0.3861,MEDIO,6,0.0,0,1.0,1
AMB-T2-023,2025-04-25,0.3859,MEDIO,3,0.0,0,1.0,1
AMB-T2-003,2025-06-20,0.3857,MEDIO,32,0.0,0,1.0,1
AMB-T2-009,2025-02-28,0.3853,MEDIO,14,0.0,0,1.0,1
AMB-T2-012,2025-12-12,0.3852,MEDIO,5,2.5,1,0.9583,1
AMB-T2-017,2025-03-28,0.3843,MEDIO,8,0.0,0,1.0,1
AMB-T2-022,2025-01-03,0.3842,MEDIO,31,1.0,0,0.9833,1
AMB-T2-011,2025-08-08,0.3839,MEDIO,3,0.0,0,1.0,1
AMB-T2-007,2025-05-30,0.3835,MEDIO,12,3.1,0,0.9483,1
AMB-T2-003,2025-06-13,0.3834,MEDIO,25,0.0,0,1.0,1
AMB-T2-024,2025-01-10,0.3824,MEDIO,8,3.8,1,0.9367,0
AMB-T2-029,2025-09-12,0.3823,MEDIO,31,2.8,0,0.9533,1
AMB-T2-001,2025-05-23,0.3823,MEDIO,9,0.0,0,1.0,1
AMB-T2-026,2025-01-31,0.3821,MEDIO,1,1.4,1,0.9767,1
AMB-T2-003,2025-05-02,0.382,MEDIO,22,0.0,0,1.0,1
AMB-T2-007,2025-09-19,0.3815,MEDIO,20,3.3,0,0.945,1
AMB-T2-028,2025-07-11,0.381,MEDIO,22,0.0,0,1.0,1
AMB-T2-007,2025-07-25,0.381,MEDIO,29,0.0,0,1.0,1
AMB-T2-023,2025-01-10,0.3808,MEDIO,1,0.0,0,1.0,1
AMB-T2-009,2025-03-28,0.3808,MEDIO,11,0.0,0,1.0,1
AMB-T2-022,2025-01-31,0.3807,MEDIO,11,1.0,0,0.9833,1
AMB-T2-029,2025-08-15,0.3807,MEDIO,3,18.7,0,0.6883,1
AMB-T2-012,2025-02-21,0.3806,MEDIO,42,0.0,0,1.0,1
AMB-T2-007,2025-09-12,0.3804,MEDIO,13,3.3,0,0.945,1
AMB-T2-015,2025-02-21,0.3803,MEDIO,35,0.0,0,1.0,1
AMB-T2-022,2025-01-17,0.3801,MEDIO,45,1.0,0,0.9833,1
AMB-T2-017,2025-04-11,0.3797,MEDIO,22,0.0,0,1.0,1
AMB-T2-023,2025-02-28,0.3794,MEDIO,9,0.0,0,1.0,1
AMB-T2-009,2025-03-07,0.3792,MEDIO,21,0.0,0,1.0,1
AMB-T2-012,2025-06-27,0.3791,MEDIO,18,0.0,0,1.0,1
AMB-T2-007,2025-10-31,0.3788,MEDIO,35,3.3,0,0.945,1
AMB-T2-006,2025-01-10,0.3784,MEDIO,34,3.9,1,0.935,0
AMB-T2-030,2025-03-14,0.3784,MEDIO,5,21.6,0,0.64,1
AMB-T2-020,2025-12-12,0.3783,MEDIO,41,0.0,0,1.0,1
AMB-T2-010,2025-02-14,0.3783,MEDIO,29,0.0,0,1.0,1
AMB-T2-016,2025-05-23,0.3782,MEDIO,24,0.0,0,1.0,1
AMB-T2-027,2025-05-30,0.378,MEDIO,3,0.0,1,1.0,1
AMB-T2-020,2025-01-03,0.378,MEDIO,20,1.4,0,0.9767,1
AMB-T2-018,2025-10-24,0.3773,MEDIO,3,0.0,0,1.0,1
AMB-T2-007,2025-10-24,0.3773,MEDIO,28,3.3,0,0.945,1
AMB-T2-006,2025-11-28,0.3772,MEDIO,41,0.0,0,1.0,1
AMB-T2-011,2025-06-06,0.377,MEDIO,34,0.0,0,1.0,1
AMB-T2-033,2025-11-07,0.3769,MEDIO,22,7.1,1,0.8817,1
AMB-T2-030,2025-01-03,0.376,MEDIO,41,0.0,0,1.0,1
AMB-T2-019,2025-11-28,0.3757,MEDIO,40,0.0,0,1.0,1
AMB-T2-020,2025-09-05,0.3757,MEDIO,16,0.0,0,1.0,1
AMB-T2-011,2025-08-01,0.3753,MEDIO,40,0.0,0,1.0,1
AMB-T2-024,2025-01-17,0.375,MEDIO,15,0.0,0,1.0,1
AMB-T2-023,2025-08-15,0.3748,MEDIO,28,2.4,1,0.96,1
AMB-T2-010,2025-04-11,0.3746,MEDIO,42,0.0,0,1.0,1
AMB-T2-001,2025-05-30,0.3743,MEDIO,16,0.0,0,1.0,1
AMB-T2-009,2025-04-11,0.3741,MEDIO,1,0.0,0,1.0,1
AMB-T2-002,2025-12-12,0.3741,MEDIO,10,0.0,0,1.0,1
AMB-T2-013,2025-07-25,0.3741,MEDIO,5,3.7,1,0.9383,0
AMB-T2-010,2025-01-31,0.374,MEDIO,15,2.1,1,0.965,1
AMB-T2-011,2025-02-21,0.3736,MEDIO,39,0.0,0,1.0,1
AMB-T2-010,2025-04-04,0.3733,MEDIO,35,0.0,0,1.0,1
AMB-T2-006,2025-03-07,0.3733,MEDIO,49,0.0,0,1.0,1
AMB-T2-006,2025-01-31,0.3731,MEDIO,14,3.9,1,0.935,0
AMB-T2-014,2025-10-17,0.3731,MEDIO,1,4.6,0,0.9233,1
AMB-T2-010,2025-10-24,0.373,MEDIO,24,0.0,0,1.0,1
AMB-T2-002,2025-07-18,0.3726,MEDIO,8,0.0,1,1.0,1
AMB-T2-023,2025-02-07,0.3725,MEDIO,3,0.0,0,1.0,1
AMB-T2-005,2025-11-28,0.3724,MEDIO,4,1.9,1,0.9683,0
AMB-T2-033,2025-01-03,0.3721,MEDIO,7,0.0,0,1.0,1
AMB-T2-007,2025-01-31,0.3719,MEDIO,3,0.0,0,1.0,1
AMB-T2-010,2025-02-07,0.3714,MEDIO,22,0.0,0,1.0,1
AMB-T2-002,2025-06-06,0.3713,MEDIO,15,0.0,0,1.0,1
AMB-T2-025,2025-02-21,0.3712,MEDIO,26,0.0,0,1.0,1
AMB-T2-005,2025-12-12,0.3711,MEDIO,18,1.9,1,0.9683,0
AMB-T2-024,2025-01-24,0.3708,MEDIO,22,0.0,0,1.0,1
AMB-T2-003,2025-07-04,0.3705,MEDIO,2,1.8,0,0.97,1
AMB-T2-026,2025-05-23,0.3704,MEDIO,41,0.0,0,1.0,1
AMB-T2-003,2025-08-01,0.37,MEDIO,30,1.8,0,0.97,1
AMB-T2-002,2025-07-04,0.3696,MEDIO,12,0.0,0,1.0,1
AMB-T2-008,2025-01-17,0.3694,MEDIO,23,0.0,0,1.0,1
AMB-T2-022,2025-07-04,0.3691,MEDIO,28,0.0,0,1.0,1
AMB-T2-016,2025-07-18,0.3691,MEDIO,39,0.0,0,1.0,1
AMB-T2-007,2025-10-10,0.3691,MEDIO,14,3.3,0,0.945,1
AMB-T2-025,2025-04-04,0.3691,MEDIO,15,2.8,0,0.9533,1
AMB-T2-003,2025-01-17,0.3688,MEDIO,8,0.0,0,1.0,1
AMB-T2-007,2025-04-11,0.3685,MEDIO,38,0.0,0,1.0,1
AMB-T2-030,2025-06-27,0.3682,MEDIO,16,1.8,0,0.97,1
AMB-T2-027,2025-07-18,0.3681,MEDIO,13,0.0,1,1.0,1
AMB-T2-020,2025-05-09,0.3679,MEDIO,8,0.0,0,1.0,1
AMB-T2-007,2025-10-17,0.3678,MEDIO,21,3.3,0,0.945,1
AMB-T2-033,2025-02-07,0.3678,MEDIO,42,0.0,0,1.0,1
AMB-T2-023,2025-08-08,0.3672,MEDIO,21,2.4,1,0.96,1
AMB-T2-028,2025-05-02,0.3671,MEDIO,41,0.0,0,1.0,1
AMB-T2-007,2025-05-09,0.3667,MEDIO,26,0.0,0,1.0,1
AMB-T2-016,2025-05-30,0.3667,MEDIO,31,0.0,0,1.0,1
AMB-T2-006,2025-10-03,0.3667,MEDIO,44,0.0,0,1.0,1
AMB-T2-018,2025-08-29,0.3664,MEDIO,5,0.0,0,1.0,1
AMB-T2-002,2025-06-13,0.3662,MEDIO,22,0.0,0,1.0,1
AMB-T2-027,2025-06-27,0.3661,MEDIO,2,0.0,0,1.0,1
AMB-T2-030,2025-10-24,0.3661,MEDIO,50,0.0,0,1.0,1
AMB-T2-023,2025-01-31,0.3661,MEDIO,22,0.0,0,1.0,1
AMB-T2-007,2025-07-18,0.3659,MEDIO,22,3.1,0,0.9483,1
AMB-T2-020,2025-08-22,0.3651,MEDIO,2,0.0,0,1.0,1
AMB-T2-015,2025-02-28,0.3649,MEDIO,42,0.0,0,1.0,1
AMB-T2-027,2025-07-11,0.3649,MEDIO,6,0.0,1,1.0,1
AMB-T2-007,2025-02-07,0.3649,MEDIO,10,0.0,0,1.0,1
AMB-T2-007,2025-02-14,0.3643,MEDIO,17,0.0,0,1.0,1
AMB-T2-031,2025-07-18,0.364,MEDIO,18,9.8,0,0.8367,1
AMB-T2-018,2025-04-11,0.3636,MEDIO,14,0.0,0,1.0,1
AMB-T2-034,2025-02-28,0.3635,MEDIO,40,4.2,0,0.93,1
AMB-T2-020,2025-02-28,0.3631,MEDIO,9,0.0,1,1.0,1
AMB-T2-012,2025-10-03,0.3626,MEDIO,24,13.9,0,0.7683,1
AMB-T2-003,2025-11-21,0.3624,MEDIO,21,0.0,1,1.0,1
AMB-T2-025,2025-11-28,0.3624,MEDIO,12,1.0,0,0.9833,1
AMB-T2-003,2025-08-15,0.3623,MEDIO,0,1.8,0,0.97,1
AMB-T2-002,2025-07-11,0.3617,MEDIO,1,0.0,1,1.0,1
AMB-T2-005,2025-02-21,0.3617,MEDIO,1,0.0,0,1.0,1
AMB-T2-033,2025-08-29,0.3615,MEDIO,20,0.0,0,1.0,1
AMB-T2-028,2025-06-06,0.3611,MEDIO,31,0.0,0,1.0,1
AMB-T2-033,2025-08-01,0.3611,MEDIO,19,0.0,0,1.0,1
AMB-T2-003,2025-10-17,0.361,MEDIO,0,0.0,1,1.0,1
AMB-T2-003,2025-08-08,0.3607,MEDIO,37,1.8,0,0.97,1
AMB-T2-023,2025-08-01,0.3605,MEDIO,14,2.4,1,0.96,1
AMB-T2-025,2025-09-26,0.3604,MEDIO,9,0.0,0,1.0,1
AMB-T2-018,2025-04-18,0.3602,MEDIO,21,0.0,0,1.0,1
AMB-T2-015,2025-06-20,0.3597,MEDIO,10,0.0,0,1.0,1
AMB-T2-018,2025-10-03,0.3595,MEDIO,40,0.0,0,1.0,1
AMB-T2-023,2025-09-19,0.359,MEDIO,33,0.0,0,1.0,1
AMB-T2-027,2025-08-22,0.3588,MEDIO,7,0.0,1,1.0,1
AMB-T2-007,2025-05-16,0.3586,MEDIO,33,0.0,0,1.0,1
AMB-T2-033,2025-08-22,0.3586,MEDIO,13,0.0,0,1.0,1
AMB-T2-003,2025-06-27,0.3585,MEDIO,39,0.0,0,1.0,1
AMB-T2-012,2025-10-10,0.3581,MEDIO,31,13.9,0,0.7683,1
AMB-T2-022,2025-04-18,0.358,MEDIO,42,0.0,0,1.0,1
AMB-T2-012,2025-09-05,0.3576,MEDIO,40,13.9,0,0.7683,1
AMB-T2-003,2025-11-07,0.3568,MEDIO,7,0.0,1,1.0,1
AMB-T2-027,2025-04-18,0.3565,MEDIO,8,0.0,1,1.0,1
AMB-T2-034,2025-05-09,0.3557,MEDIO,1,2.8,1,0.9533,1
AMB-T2-012,2025-10-17,0.3556,MEDIO,38,13.9,0,0.7683,1
AMB-T2-023,2025-03-21,0.3555,MEDIO,10,0.0,0,1.0,1
AMB-T2-011,2025-08-22,0.3552,MEDIO,17,0.0,0,1.0,1
AMB-T2-003,2025-03-28,0.3551,MEDIO,30,0.0,0,1.0,1
AMB-T2-007,2025-03-07,0.3544,MEDIO,3,0.0,0,1.0,1
AMB-T2-035,2025-06-13,0.3543,MEDIO,8,0.0,0,1.0,1
AMB-T2-012,2025-03-21,0.354,MEDIO,9,0.0,0,1.0,1
AMB-T2-004,2025-05-23,0.3539,MEDIO,28,0.0,0,1.0,1
AMB-T2-002,2025-05-23,0.3536,MEDIO,1,0.0,0,1.0,1
AMB-T2-034,2025-11-21,0.3534,MEDIO,39,0.0,0,1.0,1
AMB-T2-030,2025-07-11,0.3532,MEDIO,30,1.8,0,0.97,1
AMB-T2-031,2025-10-31,0.3524,MEDIO,0,0.0,0,1.0,1
AMB-T2-011,2025-08-29,0.3522,MEDIO,24,0.0,0,1.0,1
AMB-T2-006,2025-01-03,0.352,MEDIO,27,3.9,1,0.935,0
AMB-T2-020,2025-08-08,0.3516,MEDIO,29,0.0,0,1.0,1
AMB-T2-004,2025-10-31,0.3514,MEDIO,21,0.0,0,1.0,1
AMB-T2-025,2025-03-28,0.351,MEDIO,8,0.0,0,1.0,1
AMB-T2-029,2025-08-22,0.351,MEDIO,10,18.7,0,0.6883,1
AMB-T2-016,2025-01-24,0.3508,MEDIO,28,2.2,1,0.9633,0
AMB-T2-029,2025-09-05,0.3507,MEDIO,24,2.8,0,0.9533,1
AMB-T2-028,2025-07-25,0.3502,MEDIO,36,0.0,0,1.0,1
AMB-T2-030,2025-07-04,0.3501,MEDIO,23,1.8,0,0.97,1
AMB-T2-013,2025-01-24,0.35,MEDIO,26,0.0,0,1.0,1
AMB-T2-009,2025-03-21,0.3496,MEDIO,4,0.0,0,1.0,1
AMB-T2-023,2025-09-12,0.3493,MEDIO,26,0.0,0,1.0,1
AMB-T2-020,2025-08-01,0.349,MEDIO,22,0.0,0,1.0,1
AMB-T2-029,2025-08-29,0.3489,MEDIO,17,2.8,0,0.9533,1
AMB-T2-010,2025-09-19,0.3486,MEDIO,31,0.0,0,1.0,1
AMB-T2-031,2025-07-04,0.3484,MEDIO,4,9.8,0,0.8367,1
AMB-T2-028,2025-02-07,0.3483,MEDIO,38,0.0,0,1.0,1
AMB-T2-023,2025-03-14,0.3482,MEDIO,3,0.0,0,1.0,1
AMB-T2-023,2025-07-18,0.3477,MEDIO,0,2.4,1,0.96,1
AMB-T2-017,2025-03-07,0.3473,MEDIO,39,0.0,0,1.0,1
AMB-T2-002,2025-12-05,0.3465,MEDIO,3,0.0,0,1.0,1
AMB-T2-025,2025-11-07,0.3464,MEDIO,17,1.0,0,0.9833,1
AMB-T2-023,2025-02-21,0.3459,MEDIO,2,0.0,0,1.0,1
AMB-T2-023,2025-03-07,0.3459,MEDIO,16,0.0,0,1.0,1
AMB-T2-008,2025-05-23,0.3459,MEDIO,2,0.0,0,1.0,1
AMB-T2-024,2025-09-19,0.3459,MEDIO,19,0.0,0,1.0,1
AMB-T2-001,2025-02-07,0.3458,MEDIO,26,13.7,1,0.7717,1
AMB-T2-002,2025-05-30,0.3457,MEDIO,8,0.0,0,1.0,1
AMB-T2-011,2025-10-03,0.3457,MEDIO,7,0.0,0,1.0,1
AMB-T2-034,2025-03-07,0.3456,MEDIO,47,4.2,0,0.93,1
AMB-T2-004,2025-02-21,0.3446,MEDIO,16,1.0,0,0.9833,1
AMB-T2-007,2025-10-03,0.3445,MEDIO,7,3.3,0,0.945,1
AMB-T2-012,2025-03-14,0.3444,MEDIO,2,0.0,0,1.0,1
AMB-T2-024,2025-09-12,0.3443,MEDIO,12,0.0,0,1.0,1
AMB-T2-035,2025-07-11,0.3439,MEDIO,8,0.0,0,1.0,1
AMB-T2-017,2025-04-25,0.3438,MEDIO,36,0.0,0,1.0,1
AMB-T2-015,2025-04-25,0.3434,MEDIO,9,0.0,0,1.0,1
AMB-T2-030,2025-07-18,0.3429,MEDIO,37,1.8,0,0.97,1
AMB-T2-028,2025-06-13,0.3429,MEDIO,38,0.0,0,1.0,1
AMB-T2-026,2025-09-12,0.3428,MEDIO,35,0.0,0,1.0,1
AMB-T2-033,2025-01-24,0.3426,MEDIO,28,0.0,0,1.0,1
AMB-T2-011,2025-09-26,0.3423,MEDIO,0,0.0,0,1.0,1
AMB-T2-016,2025-01-17,0.3422,MEDIO,21,2.2,1,0.9633,0
AMB-T2-024,2025-01-03,0.3419,MEDIO,1,3.8,1,0.9367,0
AMB-T2-034,2025-12-05,0.3417,MEDIO,11,0.0,0,1.0,1
AMB-T2-008,2025-07-04,0.3414,MEDIO,5,0.0,0,1.0,1
AMB-T2-002,2025-01-17,0.3412,MEDIO,0,0.0,0,1.0,1
AMB-T2-012,2025-10-24,0.3408,MEDIO,45,13.9,0,0.7683,1
AMB-T2-012,2025-03-28,0.3407,MEDIO,16,0.0,0,1.0,1
AMB-T2-025,2025-05-09,0.3407,MEDIO,0,8.8,1,0.8533,1
AMB-T2-003,2025-11-14,0.3406,MEDIO,14,0.0,1,1.0,1
AMB-T2-013,2025-01-17,0.3405,MEDIO,19,0.0,0,1.0,1
AMB-T2-020,2025-05-02,0.3404,MEDIO,1,0.0,0,1.0,1
AMB-T2-025,2025-11-14,0.3399,MEDIO,24,1.0,0,0.9833,1
AMB-T2-031,2025-07-11,0.3399,MEDIO,11,9.8,0,0.8367,1
AMB-T2-009,2025-06-06,0.3399,MEDIO,13,0.0,0,1.0,1
AMB-T2-010,2025-09-12,0.3398,MEDIO,24,0.0,0,1.0,1
AMB-T2-012,2025-04-11,0.3395,MEDIO,30,0.0,0,1.0,1
AMB-T2-012,2025-04-04,0.3394,MEDIO,23,0.0,0,1.0,1
AMB-T2-011,2025-10-31,0.3393,MEDIO,35,6.4,0,0.8933,1
AMB-T2-012,2025-06-06,0.3393,MEDIO,47,0.0,0,1.0,1
AMB-T2-023,2025-03-28,0.338,MEDIO,17,0.0,0,1.0,1
AMB-T2-011,2025-02-14,0.3374,MEDIO,32,0.0,0,1.0,1
AMB-T2-002,2025-11-21,0.3369,MEDIO,22,0.0,0,1.0,1
AMB-T2-026,2025-01-24,0.3363,MEDIO,28,0.0,0,1.0,1
AMB-T2-015,2025-06-27,0.3361,MEDIO,17,0.0,0,1.0,1
AMB-T2-011,2025-01-17,0.3361,MEDIO,4,4.4,0,0.9267,1
AMB-T2-033,2025-07-11,0.3359,MEDIO,30,0.0,0,1.0,1
AMB-T2-015,2025-03-07,0.3353,MEDIO,3,0.0,0,1.0,1
AMB-T2-016,2025-01-03,0.335,MEDIO,7,2.2,1,0.9633,0
AMB-T2-008,2025-06-13,0.3348,MEDIO,23,0.0,0,1.0,1
AMB-T2-029,2025-05-16,0.3347,MEDIO,49,0.0,0,1.0,1
AMB-T2-016,2025-10-24,0.3346,MEDIO,23,0.0,0,1.0,1
AMB-T2-004,2025-08-01,0.3345,MEDIO,37,4.0,0,0.9333,1
AMB-T2-035,2025-06-20,0.3335,MEDIO,15,0.0,0,1.0,1
AMB-T2-002,2025-11-14,0.3334,MEDIO,15,0.0,0,1.0,1
AMB-T2-011,2025-01-03,0.333,MEDIO,38,4.4,0,0.9267,1
AMB-T2-011,2025-01-10,0.3329,MEDIO,45,4.4,0,0.9267,1
AMB-T2-018,2025-05-16,0.3321,MEDIO,2,2.0,1,0.9667,1
AMB-T2-025,2025-04-18,0.3319,MEDIO,8,2.8,0,0.9533,1
AMB-T2-002,2025-01-24,0.3314,MEDIO,7,0.0,0,1.0,1
AMB-T2-001,2025-07-18,0.3309,MEDIO,7,0.0,0,1.0,1
AMB-T2-033,2025-08-15,0.3308,MEDIO,6,0.0,0,1.0,1
AMB-T2-020,2025-02-07,0.3304,MEDIO,24,0.0,1,1.0,1
AMB-T2-025,2025-02-07,0.3299,MEDIO,12,0.0,0,1.0,1
AMB-T2-032,2025-02-28,0.3299,MEDIO,26,0.0,0,1.0,1
AMB-T2-007,2025-04-25,0.3297,MEDIO,12,0.0,0,1.0,1
AMB-T2-008,2025-06-20,0.3296,MEDIO,30,0.0,0,1.0,1
AMB-T2-017,2025-11-21,0.3293,MEDIO,45,0.0,0,1.0,1
AMB-T2-002,2025-06-27,0.3293,MEDIO,5,0.0,0,1.0,1
AMB-T2-021,2025-08-22,0.3284,MEDIO,32,2.2,0,0.9633,1
AMB-T2-016,2025-01-10,0.3284,MEDIO,14,2.2,1,0.9633,0
AMB-T2-009,2025-10-31,0.3283,MEDIO,5,0.0,0,1.0,1
AMB-T2-026,2025-10-10,0.3281,MEDIO,26,0.0,0,1.0,1
AMB-T2-006,2025-10-17,0.3277,MEDIO,58,0.0,0,1.0,1
AMB-T2-006,2025-10-10,0.3277,MEDIO,51,0.0,0,1.0,1
AMB-T2-015,2025-02-07,0.3275,MEDIO,21,0.0,0,1.0,1
AMB-T2-016,2025-10-31,0.3275,MEDIO,30,0.0,0,1.0,1
AMB-T2-008,2025-05-30,0.3262,MEDIO,9,0.0,0,1.0,1
AMB-T2-016,2025-06-06,0.3261,MEDIO,38,0.0,0,1.0,1
AMB-T2-017,2025-08-15,0.326,MEDIO,0,3.1,0,0.9483,1
AMB-T2-024,2025-10-24,0.3256,MEDIO,0,1.0,0,0.9833,1
AMB-T2-010,2025-02-21,0.3256,MEDIO,36,0.0,0,1.0,1
AMB-T2-017,2025-12-12,0.3253,MEDIO,11,0.0,0,1.0,1
AMB-T2-031,2025-12-12,0.3252,MEDIO,6,0.0,0,1.0,1
AMB-T2-025,2025-02-14,0.325,MEDIO,19,0.0,0,1.0,1
AMB-T2-002,2025-11-07,0.3248,MEDIO,8,0.0,0,1.0,1
AMB-T2-034,2025-02-21,0.3242,MEDIO,33,4.2,0,0.93,1
AMB-T2-021,2025-04-25,0.3241,MEDIO,8,0.0,0,1.0,1
AMB-T2-001,2025-07-25,0.3239,MEDIO,14,0.0,0,1.0,1
AMB-T2-005,2025-10-10,0.3238,MEDIO,0,6.3,0,0.895,1
AMB-T2-007,2025-01-17,0.3236,MEDIO,25,0.0,0,1.0,1
AMB-T2-007,2025-05-23,0.3235,MEDIO,5,3.1,0,0.9483,1
AMB-T2-011,2025-11-07,0.3232,MEDIO,42,6.4,0,0.8933,1
AMB-T2-008,2025-06-27,0.3231,MEDIO,37,0.0,0,1.0,1
AMB-T2-034,2025-11-28,0.3227,MEDIO,4,0.0,0,1.0,1
AMB-T2-007,2025-01-24,0.3226,MEDIO,32,0.0,0,1.0,1
AMB-T2-001,2025-01-31,0.3225,MEDIO,19,13.7,1,0.7717,1
AMB-T2-018,2025-09-05,0.3224,MEDIO,12,0.0,0,1.0,1
AMB-T2-011,2025-11-14,0.3223,MEDIO,49,6.4,0,0.8933,1
AMB-T2-035,2025-06-27,0.3221,MEDIO,22,0.0,0,1.0,1
AMB-T2-017,2025-05-02,0.322,MEDIO,43,0.0,0,1.0,1
AMB-T2-022,2025-08-08,0.3218,MEDIO,7,0.0,0,1.0,1
AMB-T2-006,2025-01-24,0.3216,MEDIO,7,3.9,1,0.935,0
AMB-T2-031,2025-08-08,0.3216,MEDIO,6,9.8,0,0.8367,1
AMB-T2-006,2025-05-02,0.3214,MEDIO,3,3.1,0,0.9483,1
AMB-T2-001,2025-01-17,0.3205,MEDIO,5,13.7,1,0.7717,1
AMB-T2-006,2025-06-13,0.3202,MEDIO,45,1.0,0,0.9833,1
AMB-T2-018,2025-05-09,0.3187,MEDIO,1,2.0,1,0.9667,1
AMB-T2-017,2025-08-01,0.3187,MEDIO,43,1.9,0,0.9683,1
AMB-T2-018,2025-09-26,0.318,MEDIO,33,0.0,0,1.0,1
AMB-T2-025,2025-03-14,0.318,MEDIO,20,0.0,0,1.0,1
AMB-T2-011,2025-02-07,0.3177,MEDIO,25,0.0,0,1.0,1
AMB-T2-025,2025-01-17,0.3176,MEDIO,17,0.0,0,1.0,1
AMB-T2-007,2025-11-07,0.3173,MEDIO,2,3.3,0,0.945,1
AMB-T2-025,2025-03-07,0.3172,MEDIO,13,0.0,0,1.0,1
AMB-T2-003,2025-04-04,0.317,MEDIO,37,0.0,0,1.0,1
AMB-T2-016,2025-08-15,0.3165,MEDIO,23,0.0,0,1.0,1
AMB-T2-022,2025-07-11,0.3155,MEDIO,35,0.0,0,1.0,1
AMB-T2-002,2025-09-26,0.3154,MEDIO,32,1.1,0,0.9817,1
AMB-T2-002,2025-09-19,0.3153,MEDIO,25,1.1,0,0.9817,1
AMB-T2-031,2025-07-25,0.3152,MEDIO,25,9.8,0,0.8367,1
AMB-T2-005,2025-09-19,0.3146,MEDIO,2,6.3,0,0.895,1
AMB-T2-001,2025-05-16,0.3142,MEDIO,2,0.0,0,1.0,1
AMB-T2-027,2025-08-15,0.3136,MEDIO,0,0.0,1,1.0,1
AMB-T2-014,2025-08-22,0.3131,MEDIO,11,0.0,0,1.0,1
AMB-T2-025,2025-11-21,0.313,MEDIO,5,1.0,0,0.9833,1
AMB-T2-027,2025-07-25,0.3128,MEDIO,1,0.0,1,1.0,1
AMB-T2-033,2025-01-10,0.3124,MEDIO,14,0.0,0,1.0,1
AMB-T2-013,2025-08-08,0.3122,MEDIO,1,3.7,1,0.9383,0
AMB-T2-005,2025-02-14,0.3122,MEDIO,29,0.0,0,1.0,1
AMB-T2-020,2025-05-16,0.3122,MEDIO,15,0.0,0,1.0,1
AMB-T2-015,2025-01-24,0.3117,MEDIO,7,0.0,0,1.0,1
AMB-T2-018,2025-09-12,0.3117,MEDIO,19,0.0,0,1.0,1
AMB-T2-018,2025-09-19,0.3116,MEDIO,26,0.0,0,1.0,1
AMB-T2-011,2025-11-21,0.3115,MEDIO,6,6.4,0,0.8933,1
AMB-T2-001,2025-02-28,0.3107,MEDIO,20,10.9,0,0.8183,1
AMB-T2-011,2025-02-28,0.3107,MEDIO,46,0.0,0,1.0,1
AMB-T2-033,2025-10-03,0.3104,MEDIO,13,7.1,1,0.8817,1
AMB-T2-004,2025-02-28,0.3103,MEDIO,23,1.0,0,0.9833,1
AMB-T2-016,2025-08-08,0.3095,MEDIO,16,0.0,0,1.0,1
AMB-T2-003,2025-08-29,0.3094,MEDIO,14,0.0,0,1.0,1
AMB-T2-003,2025-03-14,0.3093,MEDIO,16,0.0,0,1.0,1
AMB-T2-025,2025-01-24,0.309,MEDIO,24,0.0,0,1.0,1
AMB-T2-018,2025-07-25,0.3088,MEDIO,24,0.0,0,1.0,1
AMB-T2-020,2025-08-15,0.3081,MEDIO,36,0.0,0,1.0,1
AMB-T2-023,2025-06-20,0.3079,MEDIO,26,4.9,1,0.9183,1
AMB-T2-024,2025-07-11,0.3078,MEDIO,1,1.0,0,0.9833,1
AMB-T2-021,2025-08-29,0.3078,MEDIO,6,2.2,0,0.9633,1
AMB-T2-011,2025-10-17,0.3077,MEDIO,21,6.4,0,0.8933,1
AMB-T2-007,2025-01-03,0.3075,MEDIO,11,0.0,0,1.0,1
AMB-T2-020,2025-05-30,0.3073,MEDIO,4,0.0,0,1.0,1
AMB-T2-010,2025-09-26,0.3071,MEDIO,38,0.0,0,1.0,1
AMB-T2-035,2025-07-18,0.3068,MEDIO,15,0.0,0,1.0,1
AMB-T2-009,2025-10-10,0.3068,MEDIO,15,0.0,0,1.0,1
AMB-T2-011,2025-01-24,0.3064,MEDIO,11,4.4,0,0.9267,1
AMB-T2-033,2025-10-31,0.3061,MEDIO,15,7.1,1,0.8817,1
AMB-T2-012,2025-02-28,0.3053,MEDIO,49,0.0,0,1.0,1
AMB-T2-003,2025-01-10,0.305,MEDIO,1,0.0,0,1.0,1
AMB-T2-001,2025-01-10,0.3048,MEDIO,28,13.7,1,0.7717,1
AMB-T2-023,2025-06-13,0.3041,MEDIO,19,4.9,1,0.9183,1
AMB-T2-033,2025-07-25,0.3034,MEDIO,12,0.0,0,1.0,1
AMB-T2-015,2025-03-14,0.3027,MEDIO,10,0.0,0,1.0,1
AMB-T2-001,2025-06-20,0.3023,MEDIO,10,0.0,0,1.0,1
AMB-T2-005,2025-02-07,0.3022,MEDIO,22,0.0,0,1.0,1
AMB-T2-011,2025-10-24,0.3021,MEDIO,28,6.4,0,0.8933,1
AMB-T2-010,2025-07-04,0.3017,MEDIO,37,0.0,0,1.0,1
AMB-T2-021,2025-04-04,0.3013,MEDIO,11,0.0,0,1.0,1
AMB-T2-032,2025-02-07,0.301,MEDIO,5,0.0,0,1.0,1
AMB-T2-017,2025-11-28,0.3007,MEDIO,52,0.0,0,1.0,1
AMB-T2-021,2025-05-30,0.3003,MEDIO,11,0.0,0,1.0,1
AMB-T2-034,2025-03-21,0.2999,MEDIO,13,4.2,0,0.93,1
AMB-T2-005,2025-10-17,0.2995,MEDIO,7,6.3,0,0.895,1
AMB-T2-022,2025-08-15,0.2994,MEDIO,14,0.0,0,1.0,1
AMB-T2-005,2025-09-26,0.2994,MEDIO,9,6.3,0,0.895,1
AMB-T2-003,2025-03-21,0.2993,MEDIO,23,0.0,0,1.0,1
AMB-T2-001,2025-04-04,0.2989,MEDIO,25,7.1,0,0.8817,1
AMB-T2-025,2025-05-16,0.2988,MEDIO,7,8.8,1,0.8533,1
AMB-T2-018,2025-08-15,0.2983,MEDIO,45,0.0,0,1.0,1
AMB-T2-011,2025-01-31,0.2982,MEDIO,18,4.4,0,0.9267,1
AMB-T2-017,2025-03-14,0.298,MEDIO,46,0.0,0,1.0,1
AMB-T2-025,2025-08-29,0.298,MEDIO,8,0.0,0,1.0,1
AMB-T2-001,2025-02-14,0.298,MEDIO,6,10.9,0,0.8183,1
AMB-T2-029,2025-10-03,0.2978,MEDIO,7,2.8,0,0.9533,1
AMB-T2-010,2025-04-18,0.2974,MEDIO,49,0.0,0,1.0,1
AMB-T2-027,2025-12-12,0.2973,MEDIO,18,0.0,0,1.0,1
AMB-T2-022,2025-11-21,0.2969,MEDIO,16,7.5,0,0.875,1
AMB-T2-030,2025-01-10,0.2965,MEDIO,48,0.0,0,1.0,1
AMB-T2-035,2025-08-29,0.2961,MEDIO,33,0.0,0,1.0,1
AMB-T2-035,2025-10-03,0.2957,MEDIO,13,4.4,0,0.9267,1
AMB-T2-009,2025-10-24,0.2956,MEDIO,29,0.0,0,1.0,1
AMB-T2-003,2025-10-03,0.2954,MEDIO,11,0.0,0,1.0,1
AMB-T2-022,2025-08-29,0.2949,MEDIO,28,0.0,0,1.0,1
AMB-T2-022,2025-08-22,0.2947,MEDIO,21,0.0,0,1.0,1
AMB-T2-035,2025-08-22,0.2942,MEDIO,26,0.0,0,1.0,1
AMB-T2-007,2025-05-02,0.2941,MEDIO,19,0.0,0,1.0,1
AMB-T2-003,2025-06-06,0.294,MEDIO,18,0.0,0,1.0,1
AMB-T2-004,2025-02-07,0.294,MEDIO,2,1.0,0,0.9833,1
AMB-T2-023,2025-09-05,0.2938,MEDIO,19,0.0,0,1.0,1
AMB-T2-012,2025-04-18,0.2937,MEDIO,37,0.0,0,1.0,1
AMB-T2-034,2025-03-28,0.2932,MEDIO,20,4.2,0,0.93,1
AMB-T2-021,2025-08-15,0.2931,MEDIO,25,2.2,0,0.9633,1
AMB-T2-005,2025-08-29,0.2928,MEDIO,7,0.0,0,1.0,1
AMB-T2-003,2025-04-18,0.2923,MEDIO,8,0.0,0,1.0,1
AMB-T2-033,2025-10-17,0.2922,MEDIO,1,7.1,1,0.8817,1
AMB-T2-007,2025-01-10,0.2919,MEDIO,18,0.0,0,1.0,1
AMB-T2-033,2025-10-24,0.2915,MEDIO,8,7.1,1,0.8817,1
AMB-T2-006,2025-01-17,0.2913,MEDIO,0,3.9,1,0.935,0
AMB-T2-015,2025-04-18,0.291,MEDIO,2,0.0,0,1.0,1
AMB-T2-033,2025-01-17,0.2908,MEDIO,21,0.0,0,1.0,1
AMB-T2-007,2025-09-05,0.2908,MEDIO,6,0.0,0,1.0,1
AMB-T2-003,2025-10-10,0.2907,MEDIO,18,0.0,0,1.0,1
AMB-T2-033,2025-07-18,0.2904,MEDIO,5,0.0,0,1.0,1
AMB-T2-031,2025-06-13,0.2903,MEDIO,17,9.8,0,0.8367,1
AMB-T2-035,2025-02-28,0.2901,MEDIO,31,0.0,0,1.0,1
AMB-T2-001,2025-01-24,0.2896,MEDIO,12,13.7,1,0.7717,1
AMB-T2-005,2025-07-25,0.2896,MEDIO,30,0.0,0,1.0,1
AMB-T2-012,2025-05-16,0.2896,MEDIO,26,0.0,0,1.0,1
AMB-T2-020,2025-05-23,0.2894,MEDIO,22,0.0,0,1.0,1
AMB-T2-021,2025-04-11,0.2894,MEDIO,18,0.0,0,1.0,1
AMB-T2-035,2025-09-12,0.289,MEDIO,11,0.0,0,1.0,1
AMB-T2-005,2025-09-12,0.2886,MEDIO,21,6.3,0,0.895,1
AMB-T2-033,2025-10-10,0.2884,MEDIO,20,7.1,1,0.8817,1
AMB-T2-010,2025-01-17,0.2883,MEDIO,1,2.1,1,0.965,1
AMB-T2-001,2025-06-27,0.2881,MEDIO,17,0.0,0,1.0,1
AMB-T2-032,2025-02-21,0.2877,MEDIO,19,0.0,0,1.0,1
AMB-T2-021,2025-05-23,0.2875,MEDIO,4,0.0,0,1.0,1
AMB-T2-003,2025-01-03,0.2871,MEDIO,43,0.0,0,1.0,1
AMB-T2-001,2025-02-21,0.2866,MEDIO,13,10.9,0,0.8183,1
AMB-T2-032,2025-02-14,0.2863,MEDIO,12,0.0,0,1.0,1
AMB-T2-033,2025-07-04,0.2856,MEDIO,23,0.0,0,1.0,1
AMB-T2-027,2025-12-05,0.2849,MEDIO,11,0.0,0,1.0,1
AMB-T2-034,2025-02-14,0.2847,MEDIO,26,4.2,0,0.93,1
AMB-T2-022,2025-11-14,0.2847,MEDIO,9,7.5,0,0.875,1
AMB-T2-020,2025-07-25,0.2837,MEDIO,15,0.0,0,1.0,1
AMB-T2-020,2025-02-21,0.2833,MEDIO,2,0.0,1,1.0,1
AMB-T2-018,2025-10-17,0.2828,MEDIO,54,0.0,0,1.0,1
AMB-T2-018,2025-10-10,0.2828,MEDIO,47,0.0,0,1.0,1
AMB-T2-003,2025-03-07,0.2828,MEDIO,9,0.0,0,1.0,1
AMB-T2-022,2025-04-25,0.2826,MEDIO,49,0.0,0,1.0,1
AMB-T2-015,2025-01-17,0.2824,MEDIO,0,0.0,0,1.0,1
AMB-T2-034,2025-07-11,0.2823,MEDIO,48,0.0,0,1.0,1
AMB-T2-035,2025-02-21,0.2822,MEDIO,24,0.0,0,1.0,1
AMB-T2-001,2025-03-28,0.282,MEDIO,18,7.1,0,0.8817,1
AMB-T2-025,2025-09-05,0.2817,MEDIO,15,0.0,0,1.0,1
AMB-T2-025,2025-08-08,0.2817,MEDIO,12,0.0,0,1.0,1
AMB-T2-017,2025-07-04,0.2813,MEDIO,15,3.3,0,0.945,1
AMB-T2-025,2025-09-12,0.281,MEDIO,22,0.0,0,1.0,1
AMB-T2-022,2025-11-07,0.2804,MEDIO,2,7.5,0,0.875,1
AMB-T2-023,2025-06-06,0.2802,MEDIO,12,4.9,1,0.9183,1
AMB-T2-009,2025-02-14,0.2796,MEDIO,0,0.0,0,1.0,1
AMB-T2-011,2025-11-28,0.2793,MEDIO,13,6.4,0,0.8933,1
AMB-T2-025,2025-08-15,0.2793,MEDIO,19,0.0,0,1.0,1
AMB-T2-035,2025-08-08,0.2791,MEDIO,12,0.0,0,1.0,1
AMB-T2-031,2025-08-01,0.2789,MEDIO,32,9.8,0,0.8367,1
AMB-T2-035,2025-09-19,0.2776,MEDIO,18,0.0,0,1.0,1
AMB-T2-034,2025-02-07,0.2774,MEDIO,19,4.2,0,0.93,1
AMB-T2-012,2025-05-30,0.2772,MEDIO,40,0.0,0,1.0,1
AMB-T2-022,2025-07-18,0.2768,MEDIO,42,0.0,0,1.0,1
AMB-T2-007,2025-04-18,0.2764,MEDIO,5,0.0,0,1.0,1
AMB-T2-033,2025-11-14,0.2762,MEDIO,29,7.1,1,0.8817,1
AMB-T2-004,2025-08-22,0.2759,MEDIO,15,4.0,0,0.9333,1
AMB-T2-028,2025-08-29,0.2759,MEDIO,31,0.0,0,1.0,1
AMB-T2-021,2025-10-17,0.2754,MEDIO,19,0.0,0,1.0,1
AMB-T2-023,2025-05-30,0.2753,MEDIO,5,4.9,1,0.9183,1
AMB-T2-021,2025-05-16,0.2748,MEDIO,29,0.0,0,1.0,1
AMB-T2-011,2025-03-14,0.274,MEDIO,10,0.0,0,1.0,1
AMB-T2-003,2025-01-24,0.2728,MEDIO,15,0.0,0,1.0,1
AMB-T2-021,2025-02-21,0.2727,MEDIO,0,5.4,0,0.91,1
AMB-T2-017,2025-12-05,0.2725,MEDIO,4,0.0,0,1.0,1
AMB-T2-035,2025-07-25,0.2723,MEDIO,22,0.0,0,1.0,1
AMB-T2-009,2025-10-17,0.2723,MEDIO,22,0.0,0,1.0,1
AMB-T2-033,2025-03-14,0.2719,MEDIO,30,0.0,0,1.0,1
AMB-T2-018,2025-08-22,0.2718,MEDIO,52,0.0,0,1.0,1
AMB-T2-001,2025-06-06,0.2717,MEDIO,23,0.0,0,1.0,1
AMB-T2-028,2025-08-22,0.2712,MEDIO,24,0.0,0,1.0,1
AMB-T2-017,2025-06-27,0.2706,MEDIO,8,3.3,0,0.945,1
AMB-T2-022,2025-10-10,0.27,MEDIO,22,7.5,0,0.875,1
AMB-T2-003,2025-02-28,0.2692,MEDIO,2,0.0,0,1.0,1
AMB-T2-020,2025-09-26,0.2686,MEDIO,2,0.0,0,1.0,1
AMB-T2-025,2025-02-28,0.2684,MEDIO,6,0.0,0,1.0,1
AMB-T2-020,2025-04-25,0.2678,MEDIO,29,0.0,0,1.0,1
AMB-T2-005,2025-08-08,0.2673,MEDIO,10,0.0,0,1.0,1
AMB-T2-004,2025-08-15,0.2663,MEDIO,8,4.0,0,0.9333,1
AMB-T2-021,2025-03-28,0.2661,MEDIO,4,0.0,0,1.0,1
AMB-T2-021,2025-05-02,0.2653,MEDIO,15,0.0,0,1.0,1
AMB-T2-014,2025-08-15,0.265,MEDIO,4,3.8,0,0.9367,1
AMB-T2-006,2025-05-16,0.265,MEDIO,17,2.1,0,0.965,1
AMB-T2-035,2025-09-26,0.2644,MEDIO,6,0.0,0,1.0,1
AMB-T2-003,2025-05-30,0.2642,MEDIO,11,0.0,0,1.0,1
AMB-T2-034,2025-01-31,0.2639,MEDIO,12,4.2,0,0.93,1
AMB-T2-011,2025-12-12,0.2637,MEDIO,27,0.0,0,1.0,1
AMB-T2-011,2025-07-04,0.2633,MEDIO,12,0.0,0,1.0,1
AMB-T2-029,2025-09-26,0.2632,MEDIO,0,2.8,0,0.9533,1
AMB-T2-033,2025-09-26,0.2628,MEDIO,6,7.1,1,0.8817,1
AMB-T2-017,2025-02-07,0.2628,MEDIO,11,0.0,0,1.0,1
AMB-T2-025,2025-01-03,0.2617,MEDIO,3,0.0,0,1.0,1
AMB-T2-014,2025-09-12,0.2614,MEDIO,4,4.6,0,0.9233,1
AMB-T2-001,2025-06-13,0.2614,MEDIO,3,0.0,0,1.0,1
AMB-T2-017,2025-01-03,0.2614,MEDIO,27,0.0,0,1.0,1
AMB-T2-006,2025-08-29,0.2614,MEDIO,9,0.0,0,1.0,1
AMB-T2-012,2025-06-13,0.261,MEDIO,4,0.0,0,1.0,1
AMB-T2-035,2025-08-15,0.2604,MEDIO,19,0.0,0,1.0,1
AMB-T2-031,2025-08-29,0.2602,MEDIO,27,0.0,0,1.0,1
AMB-T2-033,2025-03-07,0.2601,MEDIO,23,0.0,0,1.0,1
AMB-T2-015,2025-07-04,0.2601,MEDIO,24,0.0,0,1.0,1
AMB-T2-014,2025-10-10,0.2599,MEDIO,10,4.6,0,0.9233,1
AMB-T2-014,2025-10-03,0.2595,MEDIO,3,4.6,0,0.9233,1
AMB-T2-015,2025-07-11,0.2594,MEDIO,31,0.0,0,1.0,1
AMB-T2-011,2025-07-11,0.2589,MEDIO,19,0.0,0,1.0,1
AMB-T2-012,2025-05-23,0.2584,MEDIO,33,0.0,0,1.0,1
AMB-T2-011,2025-03-21,0.258,MEDIO,17,0.0,0,1.0,1
AMB-T2-016,2025-02-28,0.2577,MEDIO,31,0.0,0,1.0,1
AMB-T2-025,2025-03-21,0.2572,MEDIO,1,0.0,0,1.0,1
AMB-T2-018,2025-01-24,0.2571,MEDIO,34,0.0,0,1.0,1
AMB-T2-027,2025-04-25,0.2567,MEDIO,5,0.0,1,1.0,1
AMB-T2-007,2025-12-05,0.2561,MEDIO,30,0.0,0,1.0,1
AMB-T2-003,2025-05-23,0.2555,MEDIO,4,0.0,0,1.0,1
AMB-T2-006,2025-05-23,0.2542,MEDIO,24,2.1,0,0.965,1
AMB-T2-015,2025-08-01,0.2537,MEDIO,52,0.0,0,1.0,1
AMB-T2-006,2025-05-30,0.2533,MEDIO,31,2.1,0,0.965,1
AMB-T2-014,2025-08-29,0.2531,MEDIO,18,4.6,0,0.9233,1
AMB-T2-020,2025-03-21,0.2529,MEDIO,30,0.0,0,1.0,1
AMB-T2-012,2025-03-07,0.2529,MEDIO,56,0.0,0,1.0,1
AMB-T2-011,2025-03-28,0.2528,MEDIO,24,0.0,0,1.0,1
AMB-T2-023,2025-09-26,0.2526,MEDIO,5,0.0,0,1.0,1
AMB-T2-011,2025-07-18,0.2523,MEDIO,26,0.0,0,1.0,1
AMB-T2-005,2025-08-15,0.2521,MEDIO,17,0.0,0,1.0,1
AMB-T2-001,2025-03-07,0.2521,MEDIO,27,7.1,0,0.8817,1
AMB-T2-010,2025-06-27,0.2511,MEDIO,30,0.0,0,1.0,1
AMB-T2-020,2025-01-24,0.2511,MEDIO,10,1.4,1,0.9767,1
AMB-T2-018,2025-01-17,0.2505,MEDIO,27,0.0,0,1.0,1
AMB-T2-025,2025-01-10,0.2502,MEDIO,10,0.0,0,1.0,1
AMB-T2-018,2025-01-03,0.25,MEDIO,13,0.0,0,1.0,1
AMB-T2-024,2025-09-05,0.2499,BAJO,5,0.0,0,1.0,1
AMB-T2-007,2025-11-28,0.2498,BAJO,23,0.0,0,1.0,1
AMB-T2-003,2025-04-25,0.2492,BAJO,15,0.0,0,1.0,1
AMB-T2-005,2025-08-01,0.2492,BAJO,3,0.0,0,1.0,1
AMB-T2-017,2025-02-28,0.2492,BAJO,32,0.0,0,1.0,1
AMB-T2-022,2025-10-31,0.2482,BAJO,43,7.5,0,0.875,1
AMB-T2-025,2025-09-19,0.2481,BAJO,2,0.0,0,1.0,1
AMB-T2-027,2025-04-11,0.2479,BAJO,1,0.0,1,1.0,1
AMB-T2-033,2025-01-31,0.2475,BAJO,35,0.0,0,1.0,1
AMB-T2-022,2025-10-17,0.2467,BAJO,29,7.5,0,0.875,1
AMB-T2-004,2025-01-31,0.2464,BAJO,27,1.0,0,0.9833,1
AMB-T2-003,2025-04-11,0.246,BAJO,1,0.0,0,1.0,1
AMB-T2-034,2025-03-14,0.2456,BAJO,6,4.2,0,0.93,1
AMB-T2-011,2025-12-05,0.2443,BAJO,20,6.4,0,0.8933,1
AMB-T2-022,2025-10-24,0.2443,BAJO,36,7.5,0,0.875,1
AMB-T2-016,2025-04-04,0.2439,BAJO,11,0.0,0,1.0,1
AMB-T2-035,2025-09-05,0.2438,BAJO,4,0.0,0,1.0,1
AMB-T2-022,2025-12-05,0.2432,BAJO,30,10.6,0,0.8233,1
AMB-T2-011,2025-04-18,0.2428,BAJO,45,0.0,0,1.0,1
AMB-T2-017,2025-02-21,0.2418,BAJO,25,0.0,0,1.0,1
AMB-T2-018,2025-01-10,0.2412,BAJO,20,0.0,0,1.0,1
AMB-T2-034,2025-01-17,0.2405,BAJO,45,0.0,0,1.0,1
AMB-T2-035,2025-10-10,0.2403,BAJO,1,4.4,0,0.9267,1
AMB-T2-011,2025-07-25,0.2403,BAJO,33,0.0,0,1.0,1
AMB-T2-025,2025-04-11,0.2401,BAJO,1,2.8,0,0.9533,1
AMB-T2-017,2025-02-14,0.2399,BAJO,18,0.0,0,1.0,1
AMB-T2-007,2025-07-04,0.2395,BAJO,8,3.1,0,0.9483,1
AMB-T2-001,2025-03-21,0.2394,BAJO,11,7.1,0,0.8817,1
AMB-T2-025,2025-05-30,0.2392,BAJO,21,8.8,1,0.8533,1
AMB-T2-015,2025-05-16,0.2392,BAJO,30,0.0,0,1.0,1
AMB-T2-017,2025-06-20,0.2384,BAJO,1,3.3,0,0.945,1
AMB-T2-011,2025-10-10,0.2383,BAJO,14,0.0,0,1.0,1
AMB-T2-035,2025-10-31,0.2378,BAJO,22,4.4,0,0.9267,1
AMB-T2-022,2025-11-28,0.2371,BAJO,23,10.6,0,0.8233,1
AMB-T2-027,2025-09-12,0.2371,BAJO,7,0.0,0,1.0,1
AMB-T2-021,2025-05-09,0.2359,BAJO,22,0.0,0,1.0,1
AMB-T2-011,2025-05-09,0.2349,BAJO,6,0.0,0,1.0,1
AMB-T2-007,2025-07-11,0.2337,BAJO,15,3.1,0,0.9483,1
AMB-T2-018,2025-05-02,0.2335,BAJO,35,0.0,0,1.0,1
AMB-T2-006,2025-02-28,0.2324,BAJO,42,0.0,0,1.0,1
AMB-T2-018,2025-08-01,0.2321,BAJO,31,0.0,0,1.0,1
AMB-T2-017,2025-01-10,0.2316,BAJO,34,0.0,0,1.0,1
AMB-T2-018,2025-11-07,0.2315,BAJO,17,0.0,0,1.0,1
AMB-T2-016,2025-03-14,0.2312,BAJO,45,0.0,0,1.0,1
AMB-T2-025,2025-05-23,0.2307,BAJO,14,8.8,1,0.8533,1
AMB-T2-018,2025-08-08,0.2306,BAJO,38,0.0,0,1.0,1
AMB-T2-001,2025-03-14,0.2297,BAJO,4,7.1,0,0.8817,1
AMB-T2-001,2025-07-11,0.2291,BAJO,0,0.0,0,1.0,1
AMB-T2-028,2025-11-14,0.2289,BAJO,28,0.0,0,1.0,1
AMB-T2-009,2025-12-12,0.2285,BAJO,25,3.5,1,0.9417,1
AMB-T2-025,2025-05-02,0.2281,BAJO,12,8.8,1,0.8533,1
AMB-T2-009,2025-10-03,0.2278,BAJO,8,0.0,0,1.0,1
AMB-T2-029,2025-01-31,0.2276,BAJO,29,7.5,0,0.875,1
AMB-T2-035,2025-11-14,0.227,BAJO,36,4.4,0,0.9267,1
AMB-T2-028,2025-11-21,0.2268,BAJO,35,0.0,0,1.0,1
AMB-T2-011,2025-04-04,0.2266,BAJO,31,0.0,0,1.0,1
AMB-T2-010,2025-08-01,0.2264,BAJO,22,0.0,0,1.0,1
AMB-T2-015,2025-05-09,0.2261,BAJO,23,0.0,0,1.0,1
AMB-T2-003,2025-02-07,0.2257,BAJO,29,0.0,0,1.0,1
AMB-T2-005,2025-01-10,0.2256,BAJO,21,6.3,1,0.895,1
AMB-T2-009,2025-11-28,0.2254,BAJO,11,3.5,1,0.9417,1
AMB-T2-010,2025-08-08,0.2249,BAJO,29,0.0,0,1.0,1
AMB-T2-011,2025-09-19,0.2248,BAJO,45,0.0,0,1.0,1
AMB-T2-005,2025-01-17,0.2248,BAJO,1,6.3,1,0.895,1
AMB-T2-022,2025-07-25,0.2232,BAJO,49,0.0,0,1.0,1
AMB-T2-018,2025-11-14,0.2223,BAJO,24,0.0,0,1.0,1
AMB-T2-029,2025-02-07,0.2222,BAJO,36,7.5,0,0.875,1
AMB-T2-014,2025-09-19,0.2213,BAJO,11,4.6,0,0.9233,1
AMB-T2-016,2025-04-25,0.2212,BAJO,32,0.0,0,1.0,1
AMB-T2-016,2025-04-18,0.2204,BAJO,25,0.0,0,1.0,1
AMB-T2-012,2025-01-31,0.22,BAJO,21,0.0,0,1.0,1
AMB-T2-027,2025-10-31,0.2199,BAJO,3,5.5,1,0.9083,1
AMB-T2-028,2025-11-07,0.2198,BAJO,21,0.0,0,1.0,1
AMB-T2-035,2025-10-24,0.2197,BAJO,15,4.4,0,0.9267,1
AMB-T2-005,2025-10-03,0.2191,BAJO,16,6.3,0,0.895,1
AMB-T2-005,2025-10-24,0.2187,BAJO,14,6.3,0,0.895,1
AMB-T2-011,2025-05-16,0.2184,BAJO,13,0.0,0,1.0,1
AMB-T2-011,2025-04-25,0.2182,BAJO,52,0.0,0,1.0,1
AMB-T2-025,2025-12-12,0.2178,BAJO,2,1.0,0,0.9833,1
AMB-T2-034,2025-01-03,0.2176,BAJO,31,0.0,0,1.0,1
AMB-T2-016,2025-04-11,0.2173,BAJO,18,0.0,0,1.0,1
AMB-T2-008,2025-09-05,0.2169,BAJO,1,10.5,3,0.825,0
AMB-T2-004,2025-08-08,0.2162,BAJO,1,4.0,0,0.9333,1
AMB-T2-017,2025-10-31,0.2161,BAJO,24,0.0,0,1.0,1
AMB-T2-006,2025-09-05,0.2146,BAJO,16,0.0,0,1.0,1
AMB-T2-025,2025-04-25,0.2144,BAJO,5,8.8,1,0.8533,1
AMB-T2-008,2025-12-12,0.2139,BAJO,23,0.0,0,1.0,1
AMB-T2-008,2025-07-25,0.2138,BAJO,26,0.0,0,1.0,1
AMB-T2-018,2025-02-21,0.213,BAJO,14,0.0,0,1.0,1
AMB-T2-003,2025-01-31,0.2127,BAJO,22,0.0,0,1.0,1
AMB-T2-016,2025-09-26,0.2122,BAJO,37,0.0,0,1.0,1
AMB-T2-002,2025-05-16,0.212,BAJO,30,0.0,0,1.0,1
AMB-T2-028,2025-10-03,0.2117,BAJO,30,0.0,0,1.0,1
AMB-T2-006,2025-09-19,0.2111,BAJO,30,0.0,0,1.0,1
AMB-T2-011,2025-05-23,0.2109,BAJO,20,0.0,0,1.0,1
AMB-T2-006,2025-09-12,0.2101,BAJO,23,0.0,0,1.0,1
AMB-T2-011,2025-04-11,0.21,BAJO,38,0.0,0,1.0,1
AMB-T2-019,2025-04-11,0.2099,BAJO,24,0.0,0,1.0,1
AMB-T2-027,2025-10-24,0.2099,BAJO,17,5.5,1,0.9083,1
AMB-T2-002,2025-01-10,0.2097,BAJO,30,0.0,0,1.0,1
AMB-T2-019,2025-04-18,0.2092,BAJO,31,0.0,0,1.0,1
AMB-T2-016,2025-03-21,0.2092,BAJO,52,0.0,0,1.0,1
AMB-T2-008,2025-05-09,0.209,BAJO,29,0.0,0,1.0,1
AMB-T2-011,2025-05-30,0.2087,BAJO,27,0.0,0,1.0,1
AMB-T2-034,2025-04-04,0.2086,BAJO,27,0.0,0,1.0,1
AMB-T2-027,2025-09-05,0.2084,BAJO,0,0.0,0,1.0,1
AMB-T2-011,2025-05-02,0.2081,BAJO,59,0.0,0,1.0,1
AMB-T2-023,2025-05-16,0.2071,BAJO,0,4.9,1,0.9183,1
AMB-T2-021,2025-07-18,0.2065,BAJO,33,0.0,0,1.0,1
AMB-T2-035,2025-10-17,0.2064,BAJO,8,4.4,0,0.9267,1
AMB-T2-002,2025-01-03,0.206,BAJO,23,0.0,0,1.0,1
AMB-T2-006,2025-09-26,0.2059,BAJO,37,0.0,0,1.0,1
AMB-T2-008,2025-11-07,0.205,BAJO,30,0.0,0,1.0,1
AMB-T2-027,2025-10-17,0.2044,BAJO,10,5.5,1,0.9083,1
AMB-T2-018,2025-02-28,0.2043,BAJO,21,0.0,0,1.0,1
AMB-T2-008,2025-05-16,0.2042,BAJO,36,0.0,0,1.0,1
AMB-T2-027,2025-11-07,0.2039,BAJO,10,5.5,1,0.9083,1
AMB-T2-034,2025-01-10,0.2038,BAJO,38,0.0,0,1.0,1
AMB-T2-009,2025-12-05,0.2035,BAJO,18,3.5,1,0.9417,1
AMB-T2-007,2025-06-27,0.2034,BAJO,1,3.1,0,0.9483,1
AMB-T2-035,2025-11-07,0.2027,BAJO,29,4.4,0,0.9267,1
AMB-T2-025,2025-08-22,0.2023,BAJO,1,0.0,0,1.0,1
AMB-T2-001,2025-05-02,0.2019,BAJO,22,7.1,0,0.8817,1
AMB-T2-028,2025-10-10,0.2012,BAJO,37,0.0,0,1.0,1
AMB-T2-029,2025-12-05,0.2005,BAJO,34,5.9,1,0.9017,1
AMB-T2-008,2025-09-26,0.1997,BAJO,22,10.5,3,0.825,0
AMB-T2-021,2025-04-18,0.1989,BAJO,1,0.0,0,1.0,1
AMB-T2-020,2025-01-17,0.198,BAJO,3,1.4,1,0.9767,1
AMB-T2-002,2025-10-24,0.1979,BAJO,25,0.0,0,1.0,1
AMB-T2-010,2025-08-15,0.1976,BAJO,36,0.0,0,1.0,1
AMB-T2-008,2025-09-12,0.1963,BAJO,8,10.5,3,0.825,0
AMB-T2-035,2025-11-21,0.1962,BAJO,5,4.4,0,0.9267,1
AMB-T2-008,2025-11-14,0.1958,BAJO,37,0.0,0,1.0,1
AMB-T2-003,2025-02-21,0.1941,BAJO,43,0.0,0,1.0,1
AMB-T2-003,2025-02-14,0.1936,BAJO,36,0.0,0,1.0,1
AMB-T2-016,2025-03-07,0.1922,BAJO,38,0.0,0,1.0,1
AMB-T2-014,2025-09-26,0.192,BAJO,18,4.6,0,0.9233,1
AMB-T2-024,2025-09-26,0.1918,BAJO,1,1.0,0,0.9833,1
AMB-T2-033,2025-03-21,0.1913,BAJO,37,0.0,0,1.0,1
AMB-T2-008,2025-09-19,0.1912,BAJO,15,10.5,3,0.825,0
AMB-T2-021,2025-03-21,0.1907,BAJO,28,0.0,0,1.0,1
AMB-T2-025,2025-06-06,0.1891,BAJO,1,6.0,1,0.9,1
AMB-T2-014,2025-09-05,0.1889,BAJO,25,4.6,0,0.9233,1
AMB-T2-031,2025-06-20,0.1884,BAJO,24,9.8,0,0.8367,1
AMB-T2-015,2025-03-21,0.1878,BAJO,17,0.0,0,1.0,1
AMB-T2-027,2025-04-04,0.1877,BAJO,7,0.0,0,1.0,1
AMB-T2-004,2025-05-16,0.1871,BAJO,21,6.1,0,0.8983,1
AMB-T2-005,2025-01-03,0.187,BAJO,14,6.3,1,0.895,1
AMB-T2-015,2025-06-06,0.1866,BAJO,51,0.0,0,1.0,1
AMB-T2-015,2025-03-28,0.1858,BAJO,24,0.0,0,1.0,1
AMB-T2-020,2025-07-04,0.1858,BAJO,39,0.0,0,1.0,1
AMB-T2-015,2025-07-18,0.1857,BAJO,38,0.0,0,1.0,1
AMB-T2-021,2025-10-24,0.1853,BAJO,26,0.0,0,1.0,1
AMB-T2-006,2025-02-14,0.185,BAJO,28,0.0,0,1.0,1
AMB-T2-012,2025-09-12,0.1846,BAJO,3,13.9,0,0.7683,1
AMB-T2-034,2025-12-12,0.1842,BAJO,18,0.0,0,1.0,1
AMB-T2-031,2025-06-27,0.1839,BAJO,31,9.8,0,0.8367,1
AMB-T2-002,2025-11-28,0.1834,BAJO,29,0.0,0,1.0,1
AMB-T2-012,2025-09-19,0.1832,BAJO,10,13.9,0,0.7683,1
AMB-T2-006,2025-02-07,0.1832,BAJO,21,0.0,0,1.0,1
AMB-T2-009,2025-11-21,0.1831,BAJO,4,3.5,1,0.9417,1
AMB-T2-002,2025-06-20,0.1831,BAJO,29,0.0,0,1.0,1
AMB-T2-023,2025-06-27,0.1802,BAJO,6,4.9,1,0.9183,1
AMB-T2-006,2025-08-01,0.1752,BAJO,44,5.0,0,0.9167,1
AMB-T2-029,2025-10-31,0.175,BAJO,20,5.9,1,0.9017,1
AMB-T2-029,2025-01-24,0.1736,BAJO,22,7.5,0,0.875,1
AMB-T2-010,2025-05-30,0.1729,BAJO,2,10.6,0,0.8233,1
AMB-T2-015,2025-05-23,0.1715,BAJO,37,0.0,0,1.0,1
AMB-T2-015,2025-04-04,0.1714,BAJO,31,0.0,0,1.0,1
AMB-T2-006,2025-02-21,0.1714,BAJO,35,0.0,0,1.0,1
AMB-T2-029,2025-01-17,0.1705,BAJO,15,7.5,0,0.875,1
AMB-T2-011,2025-09-05,0.1699,BAJO,31,0.0,0,1.0,1
AMB-T2-011,2025-09-12,0.1691,BAJO,38,0.0,0,1.0,1
AMB-T2-006,2025-08-22,0.1681,BAJO,2,5.0,0,0.9167,1
AMB-T2-006,2025-08-08,0.168,BAJO,51,5.0,0,0.9167,1
AMB-T2-006,2025-08-15,0.168,BAJO,58,5.0,0,0.9167,1
AMB-T2-006,2025-06-06,0.1679,BAJO,38,2.1,0,0.965,1
AMB-T2-021,2025-02-14,0.1656,BAJO,26,5.4,0,0.91,1
AMB-T2-035,2025-11-28,0.1656,BAJO,12,4.4,0,0.9267,1
AMB-T2-017,2025-01-17,0.1653,BAJO,41,0.0,0,1.0,1
AMB-T2-005,2025-08-22,0.1644,BAJO,0,0.0,0,1.0,1
AMB-T2-019,2025-04-25,0.1643,BAJO,38,0.0,0,1.0,1
AMB-T2-004,2025-09-12,0.1634,BAJO,0,8.0,1,0.8667,1
AMB-T2-021,2025-02-07,0.1617,BAJO,19,5.4,0,0.91,1
AMB-T2-023,2025-05-23,0.1589,BAJO,7,4.9,1,0.9183,1
AMB-T2-033,2025-05-23,0.1589,BAJO,16,5.9,2,0.9017,1
AMB-T2-029,2025-01-10,0.1558,BAJO,8,7.5,0,0.875,1
AMB-T2-030,2025-09-19,0.1549,BAJO,15,5.1,1,0.915,0
AMB-T2-030,2025-09-26,0.1548,BAJO,22,5.1,1,0.915,0
AMB-T2-006,2025-07-25,0.154,BAJO,37,5.0,0,0.9167,1
AMB-T2-033,2025-05-02,0.153,BAJO,23,5.9,2,0.9017,1
AMB-T2-033,2025-05-30,0.153,BAJO,23,5.9,2,0.9017,1
AMB-T2-006,2025-07-18,0.1526,BAJO,30,5.0,0,0.9167,1
AMB-T2-035,2025-07-04,0.1524,BAJO,1,0.0,0,1.0,1
AMB-T2-029,2025-01-03,0.1517,BAJO,1,7.5,0,0.875,1
AMB-T2-004,2025-05-09,0.1501,BAJO,14,6.1,0,0.8983,1
AMB-T2-015,2025-04-11,0.1499,BAJO,38,0.0,0,1.0,1
AMB-T2-004,2025-03-28,0.1486,BAJO,6,6.1,0,0.8983,1
AMB-T2-004,2025-09-05,0.148,BAJO,11,8.0,1,0.8667,1
AMB-T2-004,2025-04-18,0.1476,BAJO,27,6.1,0,0.8983,1
AMB-T2-006,2025-07-11,0.1464,BAJO,23,5.0,0,0.9167,1
AMB-T2-008,2025-10-10,0.1453,BAJO,2,10.5,3,0.825,0
AMB-T2-004,2025-03-21,0.1452,BAJO,44,6.1,0,0.8983,1
AMB-T2-004,2025-04-11,0.1448,BAJO,20,6.1,0,0.8983,1
AMB-T2-012,2025-07-25,0.1447,BAJO,23,5.0,1,0.9167,1
AMB-T2-008,2025-10-03,0.1444,BAJO,29,10.5,3,0.825,0
AMB-T2-015,2025-07-25,0.1443,BAJO,45,0.0,0,1.0,1
AMB-T2-033,2025-05-16,0.1421,BAJO,9,5.9,2,0.9017,1
AMB-T2-029,2025-11-21,0.1414,BAJO,20,5.9,1,0.9017,1
AMB-T2-029,2025-11-28,0.1409,BAJO,27,5.9,1,0.9017,1
AMB-T2-010,2025-05-09,0.1374,BAJO,19,10.6,0,0.8233,1
AMB-T2-035,2025-08-01,0.1373,BAJO,5,0.0,0,1.0,1
AMB-T2-005,2025-10-31,0.1364,BAJO,6,6.3,0,0.895,1
AMB-T2-007,2025-09-26,0.136,BAJO,0,3.3,0,0.945,1
AMB-T2-010,2025-05-02,0.1349,BAJO,12,10.6,0,0.8233,1
AMB-T2-033,2025-05-09,0.1329,BAJO,2,5.9,2,0.9017,1
AMB-T2-027,2025-10-03,0.1326,BAJO,11,5.5,1,0.9083,1
AMB-T2-021,2025-01-24,0.1323,BAJO,5,5.4,0,0.91,1
AMB-T2-006,2025-07-04,0.1323,BAJO,16,5.0,0,0.9167,1
AMB-T2-033,2025-04-11,0.132,BAJO,2,5.9,2,0.9017,1
AMB-T2-010,2025-06-20,0.1318,BAJO,23,9.6,0,0.84,1
AMB-T2-017,2025-01-24,0.1307,BAJO,48,0.0,0,1.0,1
AMB-T2-015,2025-05-30,0.1304,BAJO,44,0.0,0,1.0,1
AMB-T2-004,2025-04-04,0.1303,BAJO,13,6.1,0,0.8983,1
AMB-T2-004,2025-08-29,0.1301,BAJO,4,9.0,1,0.85,1
AMB-T2-027,2025-10-10,0.1298,BAJO,3,5.5,1,0.9083,1
AMB-T2-008,2025-10-17,0.1296,BAJO,9,10.5,3,0.825,0
AMB-T2-010,2025-05-23,0.1277,BAJO,33,10.6,0,0.8233,1
AMB-T2-010,2025-06-13,0.1274,BAJO,16,10.6,0,0.8233,1
AMB-T2-033,2025-04-25,0.1256,BAJO,16,5.9,2,0.9017,1
AMB-T2-010,2025-06-06,0.1251,BAJO,9,10.6,0,0.8233,1
AMB-T2-010,2025-05-16,0.1243,BAJO,26,10.6,0,0.8233,1
AMB-T2-021,2025-02-28,0.1239,BAJO,7,5.4,0,0.91,1
AMB-T2-034,2025-10-31,0.1237,BAJO,18,5.6,1,0.9067,1
AMB-T2-035,2025-06-06,0.1226,BAJO,1,0.0,0,1.0,1
AMB-T2-005,2025-01-31,0.1225,BAJO,15,5.1,1,0.915,1
AMB-T2-012,2025-07-04,0.1224,BAJO,2,5.0,1,0.9167,1
AMB-T2-025,2025-08-01,0.1212,BAJO,5,0.0,0,1.0,1
AMB-T2-004,2025-04-25,0.1205,BAJO,0,6.1,0,0.8983,1
AMB-T2-030,2025-09-05,0.1184,BAJO,1,5.1,1,0.915,0
AMB-T2-017,2025-08-08,0.116,BAJO,50,5.0,0,0.9167,1
AMB-T2-025,2025-06-13,0.1155,BAJO,8,6.0,1,0.9,1
AMB-T2-004,2025-05-02,0.1138,BAJO,7,6.1,0,0.8983,1
AMB-T2-030,2025-06-13,0.1123,BAJO,2,5.1,1,0.915,1
AMB-T2-029,2025-02-14,0.1104,BAJO,5,7.5,0,0.875,1
AMB-T2-027,2025-09-26,0.1084,BAJO,4,5.5,1,0.9083,1
AMB-T2-030,2025-08-22,0.105,BAJO,20,6.9,1,0.885,0
AMB-T2-021,2025-03-14,0.1021,BAJO,21,5.4,0,0.91,1
AMB-T2-021,2025-03-07,0.102,BAJO,14,5.4,0,0.91,1
AMB-T2-012,2025-07-11,0.1007,BAJO,9,5.0,1,0.9167,1
AMB-T2-012,2025-07-18,0.1005,BAJO,16,5.0,1,0.9167,1
AMB-T2-030,2025-09-12,0.1,BAJO,8,5.1,1,0.915,0
AMB-T2-021,2025-01-31,0.0996,BAJO,12,5.4,0,0.91,1
AMB-T2-027,2025-09-19,0.0994,BAJO,6,5.5,1,0.9083,1
AMB-T2-021,2025-01-17,0.0994,BAJO,24,5.4,0,0.91,1
AMB-T2-001,2025-04-25,0.0974,BAJO,15,7.1,0,0.8817,1
AMB-T2-033,2025-04-18,0.0958,BAJO,9,5.9,2,0.9017,1
AMB-T2-029,2025-10-24,0.0954,BAJO,13,5.9,1,0.9017,1
AMB-T2-029,2025-11-14,0.0947,BAJO,13,5.9,1,0.9017,1
AMB-T2-005,2025-05-16,0.0931,BAJO,22,5.5,0,0.9083,1
AMB-T2-008,2025-10-24,0.0919,BAJO,16,6.2,2,0.8967,0
AMB-T2-030,2025-08-29,0.0909,BAJO,27,5.1,1,0.915,0
AMB-T2-006,2025-06-27,0.0908,BAJO,9,5.0,0,0.9167,1
AMB-T2-005,2025-05-02,0.0899,BAJO,8,5.5,0,0.9083,1
AMB-T2-030,2025-06-06,0.0891,BAJO,42,5.1,1,0.915,1
AMB-T2-023,2025-07-04,0.0864,BAJO,0,7.3,2,0.8783,1
AMB-T2-005,2025-05-09,0.0864,BAJO,15,5.5,0,0.9083,1
AMB-T2-030,2025-08-15,0.0862,BAJO,13,6.9,1,0.885,0
AMB-T2-034,2025-10-10,0.0859,BAJO,24,5.6,1,0.9067,1
AMB-T2-029,2025-10-17,0.0823,BAJO,6,5.9,1,0.9017,1
AMB-T2-030,2025-06-20,0.0788,BAJO,9,5.1,1,0.915,1
AMB-T2-034,2025-10-03,0.0787,BAJO,17,5.6,1,0.9067,1
AMB-T2-034,2025-11-14,0.0785,BAJO,32,5.6,1,0.9067,1
AMB-T2-005,2025-01-24,0.0771,BAJO,8,5.1,1,0.915,1
AMB-T2-034,2025-11-07,0.0768,BAJO,25,5.6,1,0.9067,1
AMB-T2-023,2025-07-11,0.0748,BAJO,7,7.3,2,0.8783,1
AMB-T2-030,2025-08-08,0.0673,BAJO,6,6.9,1,0.885,0
AMB-T2-012,2025-08-29,0.0666,BAJO,33,5.0,1,0.9167,1
AMB-T2-001,2025-04-11,0.0664,BAJO,1,7.1,0,0.8817,1
AMB-T2-005,2025-05-23,0.0658,BAJO,2,5.5,0,0.9083,1
AMB-T2-029,2025-11-07,0.0613,BAJO,6,5.9,1,0.9017,1
AMB-T2-004,2025-10-10,0.0609,BAJO,0,5.0,1,0.9167,1
AMB-T2-001,2025-04-18,0.0604,BAJO,8,7.1,0,0.8817,1
AMB-T2-012,2025-08-22,0.0599,BAJO,26,5.0,1,0.9167,1
AMB-T2-034,2025-10-17,0.0593,BAJO,4,5.6,1,0.9067,1
AMB-T2-006,2025-12-12,0.0586,BAJO,6,5.5,1,0.9083,1
AMB-T2-034,2025-10-24,0.0552,BAJO,11,5.6,1,0.9067,1
AMB-T2-030,2025-05-30,0.0536,BAJO,35,5.1,1,0.915,1
AMB-T2-034,2025-09-19,0.0534,BAJO,3,5.6,1,0.9067,1
AMB-T2-034,2025-09-26,0.0508,BAJO,10,5.6,1,0.9067,1
AMB-T2-005,2025-05-30,0.0507,BAJO,9,5.5,0,0.9083,1
AMB-T2-030,2025-05-23,0.0493,BAJO,28,5.1,1,0.915,1
AMB-T2-004,2025-09-26,0.0472,BAJO,14,5.0,1,0.9167,1
AMB-T2-004,2025-10-03,0.0467,BAJO,21,5.0,1,0.9167,1
AMB-T2-012,2025-08-15,0.044,BAJO,19,5.0,1,0.9167,1
AMB-T2-004,2025-09-19,0.0432,BAJO,7,5.0,1,0.9167,1
AMB-T2-012,2025-08-08,0.0402,BAJO,12,5.0,1,0.9167,1
AMB-T2-030,2025-05-16,0.039,BAJO,21,5.1,1,0.915,1
AMB-T2-004,2025-10-17,0.0368,BAJO,7,5.0,1,0.9167,1
AMB-T2-012,2025-08-01,0.0327,BAJO,5,5.0,1,0.9167,1
AMB-T2-005,2025-06-20,0.0308,BAJO,30,5.5,0,0.9083,1
AMB-T2-005,2025-06-13,0.0276,BAJO,23,5.5,0,0.9083,1
AMB-T2-005,2025-06-06,0.0158,BAJO,16,5.5,0,0.9083,1
